Welding Cycle Time,Length(mm),Welding Wire Speed (avg) (m/min),Welding Gas Usage (l),Welding Robot Speed (m/s)
0.28,21.00,4.79,0.09,0.00
0.28,21.00,3.59,0.08,0.00
0.34,49.00,2.96,0.11,0.00
0.36,32.00,7.53,0.11,0.00
0.56,32.00,4.81,0.18,0.00
0.58,21.00,4.78,0.17,0.01
1.23,32.00,4.81,0.39,0.00
1.30,32.00,4.36,0.41,0.00
1.39,21.00,3.85,0.43,0.00
1.42,32.00,5.01,0.44,0.00
1.47,21.00,4.53,0.43,0.00
1.49,21.00,4.35,0.41,0.00
1.49,32.00,4.80,0.45,0.00
1.50,21.00,4.48,0.37,0.00
1.50,26.00,3.81,0.46,0.01
1.52,21.00,4.23,0.39,0.00
1.52,21.00,4.81,0.41,0.00
1.53,21.00,4.11,0.40,0.00
1.53,21.00,4.53,0.41,0.00
1.55,21.00,4.16,0.40,0.00
1.56,21.00,4.31,0.41,0.00
1.56,21.00,4.16,0.40,0.00
1.56,21.00,4.11,0.40,0.00
1.56,21.00,5.29,0.42,0.00
1.58,21.00,4.50,0.40,0.00
1.58,21.00,4.60,0.40,0.00
1.59,21.00,4.95,0.42,0.00
1.61,21.00,5.10,0.42,0.00
1.63,21.00,4.86,0.38,0.00
1.64,21.00,4.39,0.42,0.00
1.64,21.00,4.38,0.41,0.00
1.64,21.00,3.93,0.42,0.00
1.66,21.00,4.80,0.42,0.00
1.66,21.00,4.37,0.43,0.00
1.66,21.00,4.81,0.42,0.00
1.66,21.00,4.64,0.44,0.00
1.67,21.00,3.98,0.45,0.00
1.69,21.00,4.53,0.43,0.00
1.69,21.00,3.91,0.42,0.00
1.69,21.00,4.33,0.40,0.00
1.70,21.00,4.04,0.42,0.00
1.70,21.00,4.53,0.43,0.00
1.72,21.00,4.43,0.46,0.00
1.72,21.00,4.79,0.45,0.00
1.72,21.00,4.08,0.44,0.00
1.73,21.00,4.72,0.40,0.00
1.73,21.00,4.67,0.46,0.00
1.75,21.00,4.34,0.49,0.01
1.75,21.00,4.28,0.45,0.01
1.75,21.00,4.75,0.46,0.00
1.77,21.00,4.58,0.46,0.00
1.77,21.00,4.89,0.45,0.00
1.77,21.00,4.41,0.43,0.00
1.78,21.00,4.55,0.46,0.00
1.78,21.00,4.25,0.45,0.00
1.78,21.00,4.09,0.45,0.00
1.78,21.00,4.56,0.45,0.00
1.78,21.00,4.20,0.53,0.01
1.80,21.00,4.20,0.46,0.01
1.80,21.00,4.73,0.44,0.01
1.80,21.00,4.52,0.46,0.00
1.81,21.00,4.03,0.42,0.00
1.81,21.00,4.61,0.48,0.00
1.81,21.00,4.85,0.47,0.01
1.81,21.00,4.61,0.45,0.00
1.81,21.00,4.95,0.46,0.00
1.81,21.00,5.18,0.48,0.01
1.83,21.00,4.24,0.43,0.00
1.83,21.00,4.38,0.45,0.00
1.83,21.00,4.48,0.44,0.00
1.84,21.00,4.70,0.44,0.00
1.84,21.00,4.19,0.45,0.00
1.84,21.00,3.97,0.47,0.00
1.84,21.00,4.51,0.48,0.00
1.84,21.00,4.29,0.47,0.00
1.86,21.00,4.31,0.50,0.00
1.86,21.00,4.25,0.48,0.00
1.86,21.00,4.65,0.49,0.00
1.88,21.00,4.67,0.45,0.00
1.88,21.00,3.88,0.46,0.01
1.88,21.00,5.12,0.49,0.01
1.89,21.00,4.01,0.45,0.00
1.89,21.00,4.44,0.47,0.00
1.89,21.00,4.38,0.45,0.00
1.89,21.00,4.13,0.58,0.01
1.89,21.00,4.41,0.49,0.00
1.89,21.00,3.74,0.48,0.01
1.89,21.00,4.93,0.51,0.00
1.89,21.00,4.46,0.49,0.00
1.91,21.00,4.57,0.49,0.00
1.91,21.00,4.39,0.48,0.00
1.91,21.00,3.68,0.48,0.00
1.91,21.00,4.16,0.45,0.00
1.91,21.00,4.55,0.44,0.00
1.91,21.00,4.14,0.49,0.01
1.91,21.00,4.82,0.48,0.00
1.91,21.00,4.42,0.50,0.00
1.91,21.00,4.52,0.51,0.01
1.91,21.00,4.93,0.49,0.00
1.91,21.00,4.43,0.48,0.00
1.92,21.00,4.32,0.45,0.00
1.92,21.00,4.17,0.47,0.00
1.92,21.00,4.71,0.51,0.01
1.92,21.00,4.97,0.50,0.00
1.92,21.00,5.00,0.51,0.00
1.92,21.00,4.62,0.51,0.00
1.92,21.00,4.38,0.49,0.00
1.92,21.00,4.51,0.51,0.01
1.94,21.00,4.36,0.52,0.01
1.94,21.00,4.79,0.51,0.01
1.94,21.00,3.73,0.45,0.00
1.94,21.00,3.80,0.47,0.01
1.95,21.00,4.54,0.49,0.01
1.95,21.00,4.20,0.52,0.00
1.95,21.00,3.74,0.47,0.00
1.95,21.00,3.95,0.47,0.00
1.95,21.00,4.41,0.51,0.00
1.97,21.00,4.64,0.49,0.01
1.97,21.00,4.41,0.48,0.00
1.97,21.00,4.31,0.48,0.00
1.98,21.00,4.06,0.50,0.00
1.98,21.00,4.29,0.50,0.00
1.98,21.00,3.88,0.49,0.00
1.98,21.00,4.61,0.53,0.01
1.99,21.00,4.40,0.49,0.00
1.99,21.00,3.74,0.50,0.01
1.99,21.00,4.45,0.52,0.00
2.00,21.00,4.56,0.49,0.00
2.00,21.00,3.73,0.49,0.00
2.00,21.00,4.62,0.53,0.01
2.00,21.00,4.48,0.52,0.01
2.00,21.00,4.82,0.54,0.00
2.00,21.00,4.26,0.52,0.00
2.00,21.00,4.34,0.53,0.01
2.02,21.00,4.31,0.47,0.00
2.02,21.00,3.56,0.48,0.00
2.02,21.00,4.51,0.54,0.00
2.02,21.00,4.33,0.51,0.00
2.02,21.00,4.62,0.53,0.00
2.02,21.00,4.36,0.54,0.01
2.02,21.00,3.63,0.48,0.00
2.02,21.00,4.16,0.48,0.00
2.02,21.00,4.67,0.52,0.00
2.03,21.00,4.11,0.50,0.00
2.03,21.00,5.21,0.50,0.01
2.03,21.00,3.82,0.51,0.01
2.03,21.00,4.11,0.51,0.01
2.03,21.00,4.58,0.52,0.01
2.03,21.00,4.06,0.49,0.01
2.03,21.00,4.69,0.55,0.01
2.03,21.00,4.31,0.51,0.00
2.03,21.00,4.35,0.52,0.01
2.03,21.00,4.39,0.47,0.01
2.05,21.00,3.61,0.49,0.01
2.05,21.00,4.38,0.52,0.01
2.06,21.00,4.49,0.53,0.00
2.06,21.00,4.37,0.56,0.01
2.06,21.00,4.79,0.51,0.01
2.08,21.00,3.85,0.50,0.00
2.08,21.00,3.62,0.50,0.01
2.08,21.00,4.56,0.53,0.00
2.08,21.00,4.61,0.51,0.01
2.08,21.00,4.65,0.51,0.01
2.08,21.00,4.91,0.54,0.01
2.08,21.00,4.05,0.51,0.00
2.09,21.00,3.93,0.53,0.01
2.09,21.00,4.22,0.55,0.00
2.09,21.00,4.08,0.53,0.00
2.09,21.00,4.36,0.53,0.01
2.09,21.00,5.12,0.54,0.00
2.09,21.00,4.65,0.59,0.01
2.09,21.00,4.10,0.51,0.01
2.11,21.00,4.25,0.55,0.01
2.11,21.00,4.90,0.52,0.01
2.11,21.00,4.95,0.52,0.01
2.11,21.00,3.90,0.52,0.01
2.13,21.00,4.18,0.53,0.00
2.13,21.00,4.16,0.49,0.00
2.13,21.00,4.19,0.55,0.01
2.13,21.00,4.46,0.52,0.00
2.13,21.00,4.06,0.51,0.00
2.14,21.00,4.38,0.52,0.00
2.14,21.00,4.50,0.55,0.01
2.14,21.00,4.01,0.55,0.01
2.14,21.00,4.22,0.55,0.01
2.14,21.00,3.68,0.54,0.01
2.14,21.00,4.44,0.57,0.01
2.14,21.00,4.81,0.51,0.00
2.14,21.00,4.57,0.56,0.01
2.14,21.00,4.41,0.57,0.01
2.16,21.00,3.27,0.51,0.01
2.16,21.00,4.50,0.55,0.01
2.16,21.00,4.19,0.53,0.00
2.16,21.00,4.33,0.52,0.01
2.17,21.00,4.39,0.57,0.01
2.17,21.00,4.70,0.56,0.01
2.17,21.00,4.27,0.57,0.01
2.17,21.00,4.17,0.52,0.01
2.17,21.00,4.40,0.57,0.01
2.17,21.00,4.48,0.52,0.01
2.17,21.00,4.68,0.55,0.00
2.19,21.00,4.21,0.53,0.00
2.19,21.00,4.55,0.59,0.01
2.19,21.00,4.93,0.52,0.01
2.19,21.00,4.82,0.56,0.01
2.19,21.00,4.83,0.56,0.00
2.19,21.00,4.18,0.58,0.01
2.19,21.00,4.38,0.57,0.01
2.19,21.00,4.98,0.59,0.01
2.19,21.00,4.12,0.58,0.01
2.20,21.00,3.90,0.57,0.01
2.20,21.00,3.89,0.57,0.01
2.20,21.00,4.39,0.57,0.01
2.22,21.00,4.01,0.57,0.01
2.22,21.00,4.01,0.59,0.01
2.22,21.00,4.11,0.60,0.01
2.22,21.00,4.10,0.55,0.01
2.22,21.00,4.30,0.56,0.01
2.23,21.00,4.85,0.56,0.00
2.23,21.00,4.34,0.57,0.01
2.23,21.00,4.09,0.57,0.01
2.23,21.00,4.02,0.57,0.01
2.23,21.00,3.92,0.56,0.01
2.24,21.00,4.48,0.51,0.01
2.25,21.00,4.52,0.58,0.01
2.25,21.00,4.37,0.59,0.01
2.25,21.00,4.32,0.60,0.01
2.25,21.00,3.78,0.56,0.01
2.25,21.00,4.10,0.56,0.01
2.25,21.00,4.59,0.55,0.01
2.25,21.00,4.81,0.56,0.01
2.25,21.00,4.24,0.55,0.01
2.25,21.00,4.84,0.56,0.00
2.25,21.00,3.97,0.60,0.01
2.27,21.00,4.33,0.55,0.00
2.27,21.00,4.12,0.57,0.01
2.27,21.00,4.17,0.55,0.01
2.28,21.00,4.60,0.58,0.01
2.28,21.00,4.40,0.58,0.01
2.30,21.00,4.24,0.63,0.00
2.30,21.00,4.49,0.59,0.01
2.31,21.00,4.34,0.60,0.01
2.31,21.00,3.90,0.62,0.01
2.31,21.00,5.17,0.57,0.00
2.31,21.00,4.64,0.57,0.00
2.33,21.00,4.29,0.59,0.01
2.33,21.00,4.43,0.57,0.01
2.33,21.00,3.89,0.60,0.01
2.33,21.00,4.46,0.60,0.01
2.34,21.00,4.37,0.62,0.00
2.34,21.00,3.96,0.58,0.00
2.34,21.00,3.94,0.64,0.00
2.34,21.00,4.15,0.63,0.01
2.36,21.00,4.36,0.62,0.01
2.36,21.00,4.94,0.57,0.01
2.38,21.00,4.11,0.62,0.01
2.38,21.00,3.86,0.63,0.01
2.38,21.00,4.69,0.59,0.01
2.39,21.00,4.58,0.57,0.01
2.39,21.00,4.45,0.59,0.01
2.39,21.00,4.48,0.59,0.01
2.41,21.00,4.32,0.57,0.01
2.42,21.00,4.37,0.67,0.00
2.42,21.00,4.42,0.61,0.01
2.42,21.00,4.60,0.58,0.01
2.44,21.00,4.03,0.64,0.00
2.44,21.00,3.81,0.61,0.01
2.45,21.00,4.38,0.63,0.01
2.47,26.00,5.39,0.73,0.00
2.47,21.00,4.57,0.64,0.01
2.47,21.00,4.36,0.66,0.01
2.47,21.00,4.20,0.62,0.01
2.47,32.00,5.54,0.77,0.01
2.48,21.00,4.40,0.64,0.01
2.48,21.00,4.60,0.61,0.01
2.49,26.00,3.85,0.73,0.01
2.49,21.00,4.44,0.64,0.01
2.50,21.00,4.10,0.68,0.00
2.50,21.00,4.85,0.68,0.00
2.50,49.00,4.36,0.75,0.00
2.50,21.00,4.49,0.62,0.01
2.52,21.00,4.67,0.68,0.00
2.52,21.00,3.64,0.69,0.01
2.52,21.00,4.06,0.65,0.00
2.52,21.00,3.88,0.61,0.01
2.52,21.00,4.19,0.68,0.01
2.53,21.00,4.95,0.68,0.00
2.53,21.00,4.13,0.67,0.00
2.53,21.00,4.31,0.66,0.00
2.55,21.00,4.91,0.68,0.00
2.56,21.00,4.50,0.62,0.01
2.56,21.00,4.43,0.67,0.00
2.56,21.00,4.01,0.70,0.00
2.58,21.00,3.93,0.67,0.00
2.58,21.00,4.17,0.70,0.00
2.58,21.00,4.16,0.66,0.00
2.58,21.00,3.83,0.65,0.00
2.58,21.00,4.26,0.65,0.00
2.58,21.00,4.17,0.69,0.00
2.58,21.00,3.65,0.69,0.00
2.58,21.00,5.01,0.71,0.00
2.58,21.00,4.04,0.67,0.00
2.58,21.00,4.66,0.69,0.00
2.59,21.00,3.61,0.74,0.00
2.59,21.00,3.70,0.66,0.00
2.59,21.00,4.07,0.67,0.00
2.59,21.00,3.71,0.68,0.00
2.59,21.00,3.51,0.65,0.00
2.59,21.00,4.48,0.63,0.01
2.59,21.00,3.60,0.70,0.01
2.61,21.00,3.89,0.67,0.00
2.61,21.00,4.02,0.70,0.00
2.61,21.00,4.13,0.69,0.00
2.61,21.00,4.01,0.72,0.00
2.63,21.00,3.89,0.74,0.00
2.63,21.00,4.24,0.65,0.00
2.63,21.00,4.56,0.64,0.00
2.63,26.00,4.08,0.72,0.01
2.63,26.00,4.30,0.80,0.00
2.64,21.00,4.36,0.77,0.01
2.64,21.00,4.19,0.73,0.00
2.64,21.00,4.27,0.71,0.00
2.64,21.00,4.15,0.71,0.00
2.64,21.00,3.70,0.70,0.00
2.64,21.00,4.21,0.71,0.00
2.64,21.00,4.33,0.73,0.00
2.66,21.00,4.15,0.70,0.00
2.66,21.00,3.37,0.68,0.00
2.66,21.00,3.30,0.68,0.01
2.66,21.00,3.73,0.71,0.00
2.66,21.00,3.98,0.69,0.00
2.66,21.00,4.61,0.69,0.00
2.66,21.00,3.45,0.70,0.01
2.67,21.00,3.83,0.77,0.00
2.67,21.00,4.24,0.79,0.01
2.67,21.00,4.18,0.72,0.00
2.67,21.00,3.86,0.72,0.00
2.67,21.00,4.41,0.69,0.00
2.69,21.00,4.10,0.68,0.00
2.69,21.00,4.98,0.70,0.00
2.69,26.00,4.06,0.75,0.01
2.69,21.00,3.54,0.73,0.01
2.70,21.00,3.75,0.78,0.00
2.70,21.00,4.66,0.79,0.01
2.70,21.00,4.43,0.74,0.00
2.70,21.00,3.96,0.70,0.00
2.70,21.00,3.92,0.66,0.00
2.70,21.00,3.36,0.73,0.01
2.70,26.00,4.87,0.74,0.01
2.72,21.00,3.73,0.69,0.00
2.72,21.00,4.79,0.76,0.00
2.72,26.00,3.68,0.76,0.01
2.72,26.00,4.33,0.75,0.01
2.72,21.00,4.07,0.73,0.00
2.72,26.00,4.39,0.74,0.01
2.72,21.00,3.42,0.74,0.01
2.73,21.00,5.09,0.68,0.00
2.73,21.00,4.43,0.71,0.00
2.74,21.00,4.01,0.76,0.00
2.74,21.00,4.07,0.74,0.00
2.75,21.00,3.54,0.78,0.00
2.75,21.00,3.84,0.80,0.00
2.75,21.00,3.88,0.79,0.01
2.75,21.00,4.43,0.72,0.00
2.75,21.00,4.51,0.74,0.00
2.75,21.00,4.42,0.72,0.00
2.75,21.00,5.04,0.71,0.00
2.75,26.00,5.13,0.80,0.00
2.75,21.00,3.93,0.69,0.01
2.77,21.00,3.81,0.70,0.00
2.77,21.00,5.34,0.68,0.00
2.77,21.00,5.04,0.75,0.00
2.77,21.00,3.63,0.73,0.00
2.77,21.00,4.49,0.74,0.00
2.77,26.00,4.08,0.76,0.01
2.77,26.00,4.21,0.77,0.01
2.77,26.00,3.69,0.74,0.01
2.77,21.00,4.02,0.72,0.01
2.78,21.00,3.58,0.76,0.00
2.78,21.00,4.28,0.80,0.01
2.78,21.00,4.94,0.76,0.00
2.78,21.00,4.12,0.70,0.00
2.78,21.00,3.81,0.71,0.00
2.78,21.00,3.86,0.78,0.01
2.78,21.00,3.79,0.77,0.00
2.78,21.00,4.61,0.71,0.00
2.78,21.00,4.00,0.78,0.00
2.80,21.00,3.61,0.78,0.00
2.80,21.00,4.43,0.75,0.00
2.80,21.00,4.22,0.74,0.00
2.80,21.00,5.16,0.75,0.00
2.80,21.00,3.94,0.76,0.00
2.80,21.00,4.06,0.70,0.00
2.80,26.00,4.15,0.74,0.01
2.80,26.00,5.19,0.83,0.00
2.80,21.00,3.18,0.75,0.00
2.81,21.00,3.79,0.79,0.00
2.81,21.00,4.27,0.77,0.00
2.81,21.00,5.02,0.74,0.00
2.81,21.00,3.75,0.71,0.01
2.81,21.00,3.88,0.80,0.01
2.81,21.00,3.55,0.79,0.01
2.81,21.00,4.58,0.72,0.00
2.81,21.00,4.31,0.76,0.00
2.81,21.00,3.73,0.73,0.01
2.83,21.00,3.75,0.80,0.00
2.83,21.00,3.82,0.80,0.01
2.83,21.00,4.64,0.71,0.00
2.83,21.00,4.29,0.76,0.00
2.83,21.00,3.48,0.70,0.00
2.83,26.00,4.68,0.81,0.00
2.83,21.00,3.88,0.70,0.01
2.83,21.00,3.51,0.73,0.01
2.83,21.00,3.31,0.72,0.00
2.83,21.00,3.95,0.76,0.00
2.83,21.00,2.88,0.75,0.01
2.83,21.00,3.77,0.82,0.00
2.84,21.00,4.10,0.71,0.01
2.84,26.00,3.91,0.75,0.01
2.84,21.00,3.74,0.73,0.00
2.84,21.00,3.65,0.81,0.00
2.84,21.00,3.95,0.82,0.00
2.84,21.00,4.03,0.81,0.00
2.84,21.00,4.31,0.81,0.00
2.84,21.00,3.78,0.84,0.01
2.84,21.00,4.27,0.75,0.00
2.84,21.00,4.16,0.74,0.00
2.84,26.00,4.12,0.80,0.01
2.84,26.00,3.78,0.76,0.01
2.84,32.00,6.36,0.84,0.01
2.84,21.00,4.01,0.70,0.00
2.86,21.00,3.49,0.77,0.00
2.86,21.00,3.76,0.81,0.00
2.86,21.00,4.03,0.81,0.00
2.86,21.00,3.62,0.81,0.01
2.86,21.00,3.71,0.83,0.01
2.86,21.00,4.08,0.76,0.00
2.86,21.00,4.99,0.75,0.00
2.86,21.00,4.32,0.71,0.01
2.86,21.00,3.83,0.80,0.00
2.86,21.00,3.82,0.82,0.00
2.86,21.00,3.93,0.79,0.01
2.86,21.00,4.57,0.76,0.00
2.86,26.00,4.42,0.79,0.01
2.86,26.00,4.57,0.79,0.01
2.86,26.00,5.21,0.85,0.00
2.86,32.00,6.70,0.83,0.01
2.86,21.00,3.53,0.74,0.01
2.88,21.00,3.71,0.83,0.00
2.88,21.00,3.75,0.81,0.00
2.88,21.00,3.67,0.81,0.01
2.88,21.00,4.10,0.84,0.01
2.88,21.00,4.28,0.78,0.00
2.88,21.00,4.23,0.78,0.00
2.88,21.00,4.22,0.76,0.00
2.88,21.00,4.61,0.74,0.00
2.88,21.00,5.17,0.79,0.00
2.88,21.00,4.49,0.75,0.00
2.88,21.00,3.55,0.72,0.00
2.88,21.00,4.38,0.74,0.00
2.89,21.00,3.65,0.81,0.00
2.89,21.00,3.85,0.80,0.00
2.89,21.00,3.65,0.84,0.00
2.89,21.00,4.37,0.81,0.01
2.89,21.00,4.39,0.76,0.00
2.89,21.00,4.36,0.76,0.00
2.89,21.00,3.82,0.79,0.00
2.89,21.00,3.79,0.83,0.00
2.89,21.00,3.89,0.81,0.00
2.89,21.00,3.50,0.81,0.01
2.89,26.00,3.71,0.76,0.01
2.89,26.00,3.81,0.76,0.01
2.89,26.00,4.00,0.79,0.01
2.89,21.00,3.57,0.76,0.01
2.89,21.00,3.38,0.72,0.01
2.89,21.00,3.57,0.74,0.01
2.89,21.00,3.66,0.69,0.01
2.89,21.00,3.43,0.72,0.01
2.89,21.00,5.04,0.72,0.01
2.91,21.00,3.55,0.81,0.01
2.91,21.00,4.84,0.83,0.01
2.91,21.00,3.84,0.83,0.01
2.91,21.00,3.90,0.81,0.01
2.91,21.00,4.55,0.75,0.00
2.91,21.00,4.07,0.76,0.00
2.91,32.00,5.30,0.86,0.01
2.91,21.00,5.00,0.75,0.01
2.91,21.00,4.31,0.74,0.00
2.91,21.00,3.43,0.75,0.01
2.91,21.00,3.80,0.78,0.00
2.91,21.00,3.91,0.75,0.01
2.91,21.00,4.39,0.78,0.00
2.91,21.00,4.20,0.84,0.01
2.91,21.00,4.38,0.80,0.00
2.92,21.00,3.78,0.83,0.01
2.92,21.00,4.61,0.78,0.00
2.92,21.00,4.64,0.76,0.00
2.92,21.00,3.74,0.85,0.00
2.92,21.00,4.07,0.85,0.00
2.92,21.00,3.67,0.83,0.01
2.92,21.00,4.05,0.82,0.01
2.92,21.00,4.26,0.85,0.01
2.92,21.00,3.70,0.85,0.01
2.92,21.00,4.97,0.80,0.00
2.92,21.00,4.18,0.78,0.00
2.92,21.00,4.59,0.78,0.00
2.92,21.00,4.23,0.75,0.00
2.92,21.00,5.15,0.77,0.00
2.92,21.00,4.90,0.81,0.00
2.92,26.00,4.11,0.81,0.01
2.92,26.00,3.84,0.79,0.01
2.92,26.00,3.77,0.81,0.01
2.92,26.00,3.68,0.84,0.01
2.92,32.00,5.39,0.87,0.01
2.92,21.00,4.27,0.74,0.01
2.94,21.00,3.49,0.84,0.00
2.94,21.00,3.94,0.82,0.00
2.94,21.00,3.82,0.84,0.01
2.94,21.00,4.60,0.85,0.01
2.94,21.00,4.95,0.76,0.00
2.94,21.00,4.87,0.75,0.00
2.94,21.00,4.17,0.72,0.00
2.94,21.00,4.58,0.76,0.00
2.94,26.00,3.91,0.82,0.01
2.94,32.00,6.96,0.85,0.01
2.94,21.00,3.26,0.74,0.01
2.94,21.00,3.16,0.72,0.01
2.94,21.00,3.87,0.87,0.00
2.94,21.00,4.01,0.73,0.01
2.94,21.00,4.43,0.75,0.00
2.94,26.00,3.89,0.81,0.01
2.94,26.00,3.87,0.80,0.01
2.94,26.00,4.10,0.79,0.01
2.94,32.00,6.17,0.87,0.01
2.94,21.00,3.21,0.75,0.01
2.95,21.00,3.40,0.80,0.00
2.95,21.00,3.55,0.81,0.00
2.95,21.00,3.60,0.86,0.01
2.95,21.00,4.20,0.75,0.00
2.95,26.00,3.73,0.83,0.01
2.95,32.00,6.07,0.76,0.01
2.95,32.00,6.13,0.87,0.01
2.95,21.00,3.97,0.74,0.01
2.95,21.00,3.67,0.84,0.00
2.97,21.00,4.13,0.85,0.01
2.97,21.00,4.37,0.84,0.01
2.97,21.00,3.36,0.77,0.00
2.97,21.00,3.92,0.86,0.00
2.97,21.00,4.11,0.87,0.00
2.97,21.00,3.61,0.80,0.00
2.97,21.00,3.71,0.84,0.01
2.97,21.00,3.81,0.84,0.01
2.97,21.00,4.20,0.79,0.00
2.97,21.00,3.94,0.77,0.00
2.97,21.00,3.97,0.76,0.00
2.97,21.00,4.43,0.82,0.00
2.97,26.00,3.97,0.79,0.01
2.97,26.00,3.90,0.85,0.01
2.97,32.00,4.36,0.88,0.01
2.98,32.00,5.49,0.88,0.01
2.98,21.00,3.82,0.86,0.00
2.98,21.00,3.92,0.82,0.00
2.98,21.00,3.99,0.85,0.01
2.98,21.00,4.49,0.86,0.01
2.98,21.00,3.97,0.86,0.01
2.98,21.00,4.13,0.84,0.01
2.98,21.00,3.89,0.85,0.01
2.98,21.00,4.36,0.78,0.00
2.98,21.00,4.61,0.78,0.00
2.98,21.00,4.49,0.78,0.00
2.98,21.00,4.24,0.77,0.00
2.98,49.00,4.46,0.94,0.00
2.98,26.00,3.93,0.81,0.01
2.99,21.00,3.83,0.84,0.00
2.99,21.00,3.75,0.83,0.01
2.99,21.00,3.87,0.82,0.01
2.99,21.00,3.54,0.85,0.01
2.99,21.00,4.82,0.83,0.01
2.99,21.00,3.98,0.86,0.01
2.99,21.00,4.12,0.83,0.01
2.99,21.00,3.51,0.85,0.01
2.99,21.00,3.62,0.88,0.01
2.99,21.00,4.50,0.77,0.00
2.99,21.00,3.51,0.77,0.01
3.00,21.00,3.87,0.82,0.00
3.00,21.00,3.63,0.85,0.00
3.00,21.00,3.19,0.85,0.01
3.00,21.00,3.80,0.85,0.01
3.00,21.00,3.75,0.84,0.01
3.00,21.00,4.14,0.83,0.00
3.00,26.00,3.87,0.82,0.01
3.00,26.00,3.96,0.83,0.01
3.00,26.00,3.76,0.83,0.01
3.00,26.00,3.86,0.83,0.01
3.00,26.00,4.00,0.80,0.01
3.00,26.00,4.13,0.82,0.01
3.00,21.00,4.41,0.78,0.00
3.02,21.00,3.49,0.85,0.01
3.02,21.00,5.24,0.80,0.00
3.02,21.00,4.32,0.84,0.00
3.02,21.00,3.75,0.77,0.00
3.02,26.00,4.00,0.78,0.01
3.02,26.00,3.79,0.82,0.01
3.02,21.00,3.33,0.81,0.00
3.02,21.00,4.05,0.88,0.00
3.02,21.00,4.12,0.86,0.00
3.02,21.00,4.04,0.88,0.00
3.02,21.00,3.86,0.85,0.00
3.02,21.00,4.12,0.88,0.01
3.02,21.00,3.88,0.87,0.01
3.02,21.00,4.44,0.83,0.01
3.02,21.00,4.30,0.77,0.00
3.02,21.00,4.95,0.80,0.00
3.02,21.00,4.12,0.79,0.00
3.02,32.00,4.23,0.89,0.01
3.02,21.00,3.47,0.76,0.00
3.03,21.00,3.80,0.82,0.00
3.03,21.00,3.93,0.86,0.00
3.03,21.00,3.63,0.84,0.01
3.03,21.00,4.20,0.84,0.01
3.03,21.00,4.18,0.86,0.01
3.03,21.00,3.49,0.84,0.01
3.03,26.00,4.21,0.82,0.01
3.03,26.00,4.93,0.90,0.00
3.03,32.00,5.24,0.90,0.01
3.03,32.00,5.03,0.88,0.01
3.03,21.00,3.73,0.88,0.00
3.03,21.00,3.73,0.87,0.01
3.03,21.00,3.77,0.86,0.01
3.03,21.00,3.77,0.85,0.01
3.03,21.00,3.50,0.78,0.01
3.05,21.00,3.82,0.83,0.00
3.05,26.00,4.40,0.85,0.01
3.05,32.00,5.55,0.90,0.01
3.05,21.00,3.50,0.84,0.00
3.05,21.00,3.74,0.82,0.00
3.05,21.00,3.56,0.88,0.00
3.05,21.00,4.16,0.91,0.00
3.05,21.00,3.74,0.85,0.00
3.05,21.00,3.86,0.86,0.00
3.05,21.00,3.66,0.84,0.01
3.05,21.00,4.52,0.86,0.01
3.05,26.00,3.81,0.80,0.01
3.05,26.00,4.07,0.84,0.01
3.05,32.00,4.15,0.89,0.01
3.05,32.00,4.48,0.91,0.01
3.05,21.00,3.67,0.69,0.01
3.05,21.00,4.10,0.76,0.00
3.05,21.00,3.84,0.88,0.00
3.05,21.00,4.45,0.85,0.01
3.06,21.00,3.76,0.75,0.00
3.06,21.00,3.78,0.85,0.00
3.06,21.00,3.51,0.84,0.01
3.06,26.00,4.83,0.86,0.00
3.06,32.00,4.60,0.87,0.01
3.06,21.00,3.64,0.78,0.00
3.06,21.00,3.83,0.85,0.00
3.06,21.00,4.02,0.85,0.01
3.06,21.00,4.04,0.86,0.01
3.06,26.00,4.05,0.86,0.01
3.06,26.00,3.79,0.86,0.01
3.06,26.00,4.11,0.83,0.01
3.06,26.00,4.12,0.83,0.01
3.06,26.00,4.06,0.82,0.01
3.06,32.00,5.49,0.93,0.01
3.08,21.00,3.92,0.88,0.01
3.08,21.00,3.40,0.89,0.01
3.08,21.00,3.74,0.84,0.01
3.08,26.00,3.65,0.80,0.01
3.08,26.00,3.97,0.81,0.01
3.08,26.00,4.78,0.89,0.00
3.08,32.00,5.34,0.91,0.01
3.08,32.00,4.56,0.93,0.01
3.08,21.00,3.66,0.79,0.00
3.08,26.00,4.34,0.84,0.01
3.08,26.00,4.31,0.81,0.01
3.08,26.00,3.78,0.85,0.01
3.09,21.00,3.96,0.89,0.00
3.09,21.00,4.28,0.88,0.01
3.09,32.00,4.11,0.92,0.01
3.09,21.00,3.32,0.73,0.01
3.09,21.00,3.77,0.89,0.00
3.09,26.00,4.04,0.84,0.01
3.09,26.00,3.99,0.81,0.01
3.09,26.00,3.90,0.85,0.01
3.09,26.00,4.34,0.83,0.01
3.09,26.00,4.44,0.87,0.00
3.09,32.00,5.59,0.90,0.01
3.09,32.00,5.44,0.89,0.01
3.09,21.00,3.29,0.79,0.01
3.11,21.00,3.95,0.86,0.01
3.11,21.00,4.17,0.88,0.01
3.11,21.00,4.08,0.84,0.01
3.11,21.00,4.58,0.89,0.01
3.11,21.00,3.76,0.87,0.01
3.11,21.00,4.07,0.85,0.00
3.11,21.00,4.54,0.80,0.00
3.11,26.00,3.64,0.85,0.01
3.11,21.00,3.71,0.75,0.00
3.11,21.00,3.74,0.92,0.01
3.11,21.00,3.78,0.88,0.01
3.11,26.00,4.32,0.88,0.00
3.11,21.00,4.72,0.79,0.00
3.12,26.00,4.64,0.88,0.00
3.13,21.00,3.85,0.86,0.00
3.13,21.00,3.81,0.86,0.01
3.13,26.00,3.85,0.87,0.01
3.13,26.00,3.91,0.86,0.01
3.13,26.00,4.00,0.84,0.01
3.13,26.00,3.84,0.85,0.01
3.13,26.00,5.09,0.90,0.00
3.13,32.00,5.58,0.94,0.01
3.13,32.00,6.58,0.93,0.01
3.13,32.00,5.61,0.91,0.01
3.13,21.00,3.35,0.82,0.01
3.13,21.00,3.35,0.82,0.01
3.13,21.00,3.83,0.88,0.00
3.13,21.00,3.66,0.85,0.01
3.13,26.00,3.64,0.84,0.01
3.14,21.00,3.79,0.93,0.00
3.14,21.00,3.65,0.89,0.01
3.14,32.00,4.46,0.90,0.01
3.14,21.00,3.49,0.78,0.01
3.14,21.00,3.48,0.76,0.00
3.14,21.00,4.04,0.89,0.00
3.14,21.00,3.90,0.78,0.01
3.14,26.00,3.56,0.90,0.01
3.14,26.00,4.58,0.89,0.00
3.14,32.00,5.43,0.93,0.01
3.14,32.00,4.23,0.88,0.01
3.14,21.00,4.35,0.84,0.00
3.16,26.00,3.84,0.81,0.01
3.16,21.00,3.88,0.89,0.00
3.16,21.00,3.80,0.88,0.00
3.16,21.00,3.48,0.87,0.00
3.16,21.00,3.82,0.90,0.00
3.16,21.00,3.94,0.91,0.00
3.16,21.00,3.50,0.90,0.01
3.16,21.00,4.06,0.78,0.00
3.16,21.00,4.71,0.84,0.00
3.16,26.00,3.71,0.86,0.01
3.16,26.00,3.74,0.92,0.01
3.16,26.00,4.06,0.88,0.01
3.16,26.00,4.08,0.85,0.01
3.16,26.00,4.17,0.81,0.01
3.16,32.00,5.84,0.92,0.01
3.16,32.00,4.79,0.92,0.01
3.16,21.00,3.53,0.86,0.00
3.16,21.00,3.58,0.91,0.01
3.16,26.00,4.04,0.84,0.01
3.16,26.00,4.01,0.74,0.01
3.16,32.00,5.59,0.91,0.01
3.17,26.00,4.47,0.89,0.00
3.17,26.00,5.18,0.90,0.00
3.17,21.00,3.81,0.89,0.00
3.17,21.00,3.86,0.87,0.00
3.17,21.00,3.77,0.86,0.01
3.17,21.00,3.80,0.91,0.01
3.17,21.00,3.33,0.88,0.01
3.17,32.00,6.43,0.91,0.01
3.17,32.00,5.66,0.90,0.01
3.17,32.00,4.77,0.93,0.01
3.17,32.00,4.47,0.93,0.01
3.17,21.00,3.00,0.81,0.00
3.19,21.00,3.33,0.89,0.01
3.19,21.00,4.21,0.92,0.01
3.19,21.00,3.80,0.90,0.00
3.19,26.00,3.83,0.93,0.01
3.19,26.00,4.40,0.92,0.00
3.19,32.00,5.32,0.95,0.01
3.19,32.00,5.50,0.95,0.01
3.19,32.00,5.28,0.96,0.01
3.19,32.00,6.56,0.91,0.01
3.19,21.00,3.48,0.78,0.01
3.19,21.00,3.54,0.93,0.00
3.19,21.00,3.54,0.91,0.00
3.19,32.00,4.36,0.92,0.01
3.19,32.00,4.09,0.90,0.01
3.19,21.00,3.60,0.86,0.01
3.20,26.00,4.07,0.88,0.01
3.20,21.00,3.79,0.88,0.00
3.20,21.00,3.99,0.90,0.00
3.20,21.00,3.85,0.91,0.01
3.20,21.00,3.80,0.92,0.01
3.20,21.00,3.77,0.88,0.01
3.20,21.00,3.94,0.92,0.01
3.20,21.00,4.33,0.91,0.01
3.20,26.00,3.97,0.82,0.01
3.20,26.00,3.58,0.89,0.01
3.20,26.00,4.38,0.94,0.00
3.20,26.00,4.71,0.91,0.00
3.20,26.00,4.15,0.91,0.00
3.20,32.00,5.16,0.94,0.01
3.20,32.00,5.37,0.94,0.01
3.20,32.00,5.67,0.93,0.01
3.20,32.00,6.15,0.96,0.01
3.20,32.00,5.53,0.94,0.00
3.20,21.00,3.30,0.81,0.00
3.20,21.00,3.58,0.86,0.00
3.20,21.00,3.84,0.88,0.00
3.20,21.00,3.85,0.90,0.01
3.20,32.00,5.41,0.92,0.01
3.22,21.00,4.09,0.86,0.00
3.22,21.00,3.94,0.95,0.00
3.22,21.00,3.98,0.90,0.00
3.22,21.00,3.88,0.86,0.00
3.22,21.00,3.92,0.89,0.01
3.22,21.00,4.04,0.95,0.01
3.22,21.00,4.16,0.90,0.01
3.22,26.00,4.21,0.90,0.00
3.22,26.00,4.76,0.89,0.00
3.22,32.00,5.53,0.93,0.01
3.22,32.00,4.69,0.93,0.01
3.22,32.00,6.00,0.88,0.00
3.23,21.00,3.95,0.89,0.01
3.23,21.00,4.23,0.87,0.01
3.23,21.00,5.19,0.80,0.00
3.23,26.00,3.57,0.88,0.01
3.23,26.00,4.18,0.86,0.01
3.23,26.00,3.83,0.93,0.01
3.23,26.00,3.60,0.88,0.01
3.23,26.00,4.69,0.96,0.00
3.23,32.00,5.66,0.84,0.01
3.23,32.00,4.79,0.93,0.01
3.23,32.00,3.94,0.94,0.01
3.23,32.00,4.38,0.94,0.01
3.23,32.00,5.61,0.95,0.00
3.23,21.00,3.27,0.78,0.01
3.23,21.00,4.34,0.78,0.01
3.24,21.00,3.99,0.89,0.01
3.24,21.00,3.84,0.87,0.00
3.24,21.00,3.98,0.89,0.01
3.24,21.00,5.21,0.87,0.00
3.24,26.00,4.61,0.90,0.00
3.24,26.00,4.40,0.98,0.00
3.24,21.00,3.63,0.87,0.01
3.25,26.00,3.65,0.90,0.01
3.25,21.00,3.70,0.97,0.00
3.25,21.00,3.84,0.91,0.01
3.25,21.00,3.98,0.91,0.01
3.25,26.00,3.41,0.86,0.01
3.25,26.00,3.73,0.93,0.01
3.25,26.00,3.64,0.86,0.01
3.25,26.00,4.66,0.94,0.00
3.25,26.00,4.35,0.96,0.00
3.25,26.00,4.58,0.91,0.00
3.25,26.00,4.76,0.92,0.00
3.25,26.00,4.53,0.99,0.00
3.25,26.00,4.72,0.96,0.00
3.25,26.00,4.64,0.92,0.00
3.25,32.00,5.74,0.98,0.01
3.25,32.00,4.97,0.97,0.01
3.25,32.00,6.02,0.97,0.01
3.25,32.00,6.16,0.96,0.01
3.25,32.00,5.48,0.97,0.01
3.25,32.00,4.82,0.94,0.01
3.25,21.00,4.59,0.77,0.00
3.26,26.00,4.44,0.91,0.00
3.27,21.00,3.94,0.97,0.00
3.27,21.00,3.21,0.90,0.01
3.27,26.00,3.70,0.92,0.01
3.27,26.00,4.59,0.97,0.00
3.27,32.00,6.18,0.96,0.01
3.27,32.00,5.35,0.95,0.01
3.27,32.00,5.51,0.96,0.01
3.27,32.00,5.89,0.94,0.00
3.27,21.00,3.51,0.93,0.00
3.27,21.00,3.43,0.93,0.01
3.27,21.00,4.25,0.91,0.01
3.27,21.00,3.57,0.91,0.01
3.27,26.00,4.20,0.94,0.01
3.27,32.00,5.31,0.96,0.01
3.27,32.00,4.30,0.92,0.01
3.27,32.00,4.95,0.93,0.00
3.27,32.00,5.55,0.94,0.00
3.27,21.00,3.30,0.80,0.00
3.28,21.00,3.76,0.96,0.00
3.28,21.00,3.22,0.89,0.01
3.28,26.00,3.65,0.89,0.01
3.28,26.00,4.19,0.93,0.00
3.28,26.00,4.24,0.96,0.00
3.28,26.00,5.02,0.93,0.00
3.28,26.00,4.40,0.95,0.00
3.28,32.00,5.32,1.00,0.01
3.28,32.00,4.31,0.95,0.01
3.28,21.00,3.48,0.90,0.01
3.28,26.00,4.35,0.95,0.00
3.28,32.00,5.75,0.96,0.01
3.28,32.00,4.25,0.91,0.00
3.30,21.00,3.65,0.95,0.00
3.30,21.00,4.41,0.93,0.01
3.30,26.00,4.05,0.91,0.01
3.30,26.00,3.63,0.93,0.01
3.30,26.00,4.77,0.94,0.00
3.30,26.00,4.22,0.93,0.00
3.30,26.00,4.66,0.96,0.00
3.30,32.00,4.23,0.96,0.01
3.30,21.00,3.11,0.86,0.00
3.30,21.00,4.03,0.86,0.01
3.31,21.00,3.72,0.91,0.00
3.31,21.00,3.90,0.94,0.00
3.31,21.00,3.82,0.96,0.01
3.31,26.00,4.73,0.96,0.00
3.31,32.00,5.16,0.99,0.01
3.31,21.00,3.55,0.82,0.00
3.31,21.00,3.73,0.96,0.00
3.31,21.00,3.71,0.99,0.00
3.31,21.00,4.03,0.96,0.00
3.31,21.00,3.90,0.94,0.00
3.31,21.00,3.81,0.94,0.01
3.31,21.00,3.91,0.93,0.01
3.31,21.00,3.58,0.94,0.01
3.31,26.00,4.01,0.88,0.01
3.31,26.00,4.98,0.94,0.00
3.31,26.00,4.54,0.96,0.00
3.31,32.00,5.72,0.99,0.01
3.31,32.00,5.51,0.96,0.01
3.31,32.00,3.76,0.96,0.01
3.31,32.00,4.15,0.96,0.01
3.31,21.00,4.13,0.91,0.01
3.33,21.00,4.35,0.99,0.00
3.33,21.00,3.85,0.92,0.00
3.33,21.00,3.60,0.94,0.01
3.33,21.00,3.92,0.95,0.00
3.33,21.00,3.80,0.95,0.01
3.33,21.00,3.73,0.91,0.01
3.33,26.00,3.77,0.91,0.01
3.33,26.00,4.64,0.95,0.00
3.33,26.00,4.65,0.92,0.00
3.33,26.00,4.46,0.97,0.00
3.33,26.00,4.43,0.98,0.00
3.33,26.00,4.71,0.94,0.00
3.33,26.00,4.74,0.95,0.00
3.33,32.00,5.63,0.97,0.01
3.33,32.00,4.56,0.97,0.01
3.33,32.00,4.11,0.94,0.01
3.33,32.00,4.87,0.97,0.01
3.33,32.00,4.93,0.97,0.01
3.33,32.00,4.14,0.93,0.01
3.33,32.00,4.41,0.96,0.00
3.33,32.00,5.54,0.90,0.00
3.33,21.00,4.50,0.91,0.00
3.33,21.00,3.43,0.93,0.01
3.33,26.00,3.57,0.81,0.01
3.33,32.00,4.99,1.00,0.01
3.33,21.00,3.73,0.86,0.01
3.33,21.00,4.01,0.88,0.01
3.34,21.00,3.58,0.93,0.00
3.34,26.00,4.02,0.93,0.01
3.34,26.00,5.01,0.95,0.00
3.34,32.00,4.22,0.94,0.01
3.34,21.00,3.77,0.89,0.00
3.34,21.00,3.85,0.92,0.00
3.34,26.00,3.59,0.87,0.01
3.34,26.00,4.28,0.97,0.00
3.36,26.00,3.84,0.88,0.01
3.36,26.00,3.71,0.95,0.01
3.36,26.00,4.75,0.98,0.00
3.36,26.00,4.81,0.97,0.00
3.36,26.00,4.60,0.96,0.00
3.36,32.00,5.40,1.02,0.01
3.36,32.00,4.27,0.97,0.01
3.36,32.00,4.64,0.96,0.01
3.36,32.00,4.48,0.98,0.01
3.36,32.00,5.39,0.93,0.00
3.36,21.00,3.72,0.94,0.00
3.36,21.00,4.34,0.94,0.01
3.36,26.00,3.76,0.90,0.01
3.36,26.00,4.28,0.94,0.00
3.36,26.00,4.65,0.96,0.00
3.36,32.00,4.43,0.97,0.00
3.36,21.00,4.00,0.91,0.01
3.36,21.00,4.84,0.89,0.01
3.37,32.00,4.34,0.99,0.00
3.38,21.00,3.37,0.95,0.01
3.38,21.00,3.84,0.94,0.01
3.38,21.00,3.71,0.94,0.01
3.38,21.00,3.45,0.92,0.01
3.38,21.00,3.66,0.95,0.01
3.38,26.00,3.81,0.93,0.01
3.38,26.00,3.68,0.93,0.01
3.38,26.00,4.47,0.93,0.00
3.38,26.00,5.22,1.01,0.00
3.38,32.00,5.36,1.03,0.01
3.38,32.00,5.08,0.97,0.01
3.38,32.00,4.51,0.95,0.01
3.38,32.00,4.44,0.97,0.01
3.38,32.00,4.09,1.00,0.01
3.38,32.00,4.95,0.97,0.01
3.38,32.00,6.01,0.92,0.00
3.38,21.00,3.32,0.85,0.01
3.38,21.00,4.41,0.92,0.01
3.38,21.00,3.45,0.82,0.01
3.39,21.00,3.90,0.95,0.00
3.39,26.00,3.72,0.81,0.01
3.39,26.00,4.96,1.00,0.00
3.39,26.00,4.01,0.96,0.01
3.39,26.00,4.53,0.98,0.00
3.39,32.00,5.35,0.98,0.01
3.39,32.00,5.47,0.98,0.01
3.39,32.00,3.79,0.96,0.01
3.39,32.00,4.99,0.97,0.01
3.39,32.00,4.35,0.96,0.01
3.39,32.00,5.34,0.89,0.00
3.39,32.00,6.19,0.87,0.00
3.39,32.00,5.96,0.96,0.00
3.39,21.00,4.55,0.92,0.01
3.39,21.00,3.82,0.90,0.01
3.40,32.00,4.09,1.01,0.01
3.41,26.00,4.67,0.99,0.00
3.41,26.00,4.72,1.01,0.00
3.41,32.00,5.32,0.98,0.01
3.41,32.00,4.56,0.97,0.01
3.41,32.00,4.94,1.02,0.01
3.41,32.00,4.34,0.95,0.01
3.41,32.00,5.48,1.03,0.01
3.41,32.00,5.18,0.93,0.00
3.41,32.00,5.90,0.97,0.00
3.41,21.00,3.59,0.92,0.01
3.41,21.00,3.23,0.92,0.00
3.41,32.00,4.21,0.99,0.01
3.41,32.00,4.45,0.99,0.00
3.42,21.00,3.86,1.01,0.00
3.42,21.00,3.68,0.94,0.00
3.42,21.00,3.99,1.00,0.00
3.42,26.00,3.76,0.94,0.01
3.42,26.00,3.51,0.91,0.01
3.42,26.00,3.49,0.91,0.01
3.42,26.00,4.25,1.00,0.00
3.42,26.00,4.91,1.01,0.00
3.42,26.00,4.66,0.99,0.00
3.42,26.00,4.92,0.98,0.00
3.42,26.00,4.42,0.97,0.00
3.42,32.00,5.49,1.03,0.01
3.42,32.00,5.49,1.00,0.01
3.42,32.00,5.46,1.02,0.01
3.42,32.00,3.95,1.00,0.01
3.42,32.00,4.27,0.94,0.00
3.42,32.00,5.64,0.95,0.00
3.42,21.00,3.54,0.90,0.01
3.42,21.00,3.52,0.91,0.01
3.42,21.00,3.60,0.87,0.01
3.44,21.00,3.55,0.97,0.00
3.44,21.00,3.82,0.94,0.01
3.44,26.00,4.71,0.99,0.00
3.44,32.00,4.19,1.01,0.01
3.44,32.00,4.90,1.00,0.01
3.44,32.00,5.17,0.95,0.00
3.44,32.00,5.42,0.88,0.00
3.44,32.00,6.25,0.91,0.00
3.44,21.00,3.69,0.95,0.00
3.44,21.00,4.02,0.96,0.00
3.44,21.00,3.66,0.99,0.01
3.44,26.00,3.92,0.98,0.01
3.44,26.00,5.05,0.98,0.00
3.44,32.00,4.61,0.98,0.00
3.44,32.00,4.95,0.92,0.00
3.44,32.00,5.27,0.92,0.00
3.44,32.00,5.25,0.93,0.00
3.44,32.00,6.12,0.92,0.00
3.44,21.00,4.71,0.93,0.01
3.44,26.00,4.14,0.91,0.01
3.45,21.00,3.94,0.93,0.01
3.45,32.00,6.19,1.02,0.01
3.45,21.00,3.54,1.00,0.00
3.45,26.00,3.50,0.94,0.01
3.45,26.00,4.06,0.95,0.01
3.45,26.00,5.19,0.98,0.00
3.45,26.00,4.60,1.00,0.00
3.45,26.00,4.19,0.99,0.00
3.45,32.00,5.34,1.00,0.01
3.45,32.00,5.17,1.04,0.01
3.45,32.00,5.35,0.96,0.00
3.45,21.00,3.45,0.90,0.01
3.45,21.00,3.35,0.91,0.01
3.45,21.00,4.85,0.89,0.00
3.45,21.00,4.26,0.97,0.01
3.45,26.00,4.70,0.97,0.00
3.45,32.00,5.42,1.02,0.01
3.45,32.00,5.78,0.94,0.00
3.45,21.00,5.18,0.90,0.01
3.47,21.00,3.95,0.94,0.01
3.47,32.00,5.28,1.03,0.01
3.47,32.00,4.94,0.94,0.00
3.47,21.00,3.63,0.92,0.01
3.47,21.00,3.84,0.97,0.00
3.47,21.00,3.70,0.95,0.00
3.47,21.00,3.78,0.94,0.00
3.47,26.00,3.55,0.95,0.01
3.47,26.00,3.94,0.97,0.01
3.47,26.00,4.26,0.95,0.00
3.47,26.00,4.73,0.98,0.00
3.47,32.00,4.37,0.98,0.01
3.47,32.00,4.49,0.96,0.01
3.47,32.00,4.65,0.99,0.01
3.47,32.00,4.47,0.98,0.01
3.47,32.00,5.86,0.96,0.00
3.47,21.00,5.26,0.89,0.01
3.48,26.00,4.70,1.01,0.00
3.48,21.00,3.63,0.96,0.00
3.48,26.00,3.93,0.94,0.01
3.48,26.00,3.87,0.94,0.01
3.48,26.00,4.00,0.93,0.01
3.48,26.00,4.37,0.99,0.00
3.48,26.00,4.12,1.01,0.00
3.48,26.00,5.31,0.97,0.00
3.48,32.00,5.11,1.01,0.01
3.48,32.00,6.06,0.93,0.00
3.48,32.00,4.83,0.93,0.00
3.48,32.00,5.86,0.92,0.00
3.48,32.00,4.47,1.02,0.00
3.48,32.00,5.86,0.93,0.00
3.49,21.00,3.70,1.01,0.00
3.49,21.00,3.31,0.95,0.01
3.49,26.00,3.62,0.97,0.01
3.49,32.00,4.65,1.03,0.01
3.49,32.00,4.98,0.99,0.01
3.49,32.00,4.53,1.01,0.00
3.49,32.00,5.45,0.95,0.00
3.50,32.00,4.32,1.00,0.00
3.50,26.00,3.75,0.98,0.01
3.50,26.00,3.63,0.96,0.01
3.50,26.00,3.72,0.95,0.01
3.50,26.00,4.78,1.01,0.00
3.50,26.00,4.52,0.98,0.00
3.50,26.00,4.60,0.97,0.00
3.50,26.00,4.82,1.00,0.00
3.50,32.00,5.40,0.99,0.01
3.50,32.00,4.78,1.02,0.01
3.50,32.00,4.28,0.96,0.01
3.50,32.00,4.20,0.99,0.01
3.50,32.00,5.90,0.94,0.00
3.50,32.00,5.29,0.95,0.00
3.50,32.00,6.12,0.95,0.00
3.50,32.00,4.33,1.01,0.00
3.50,32.00,5.77,0.97,0.00
3.50,32.00,4.26,1.01,0.00
3.50,21.00,3.85,0.90,0.01
3.50,21.00,4.65,0.92,0.01
3.50,21.00,3.62,0.93,0.01
3.50,26.00,4.86,1.01,0.00
3.52,26.00,3.67,0.94,0.01
3.52,26.00,4.84,1.01,0.00
3.52,32.00,4.34,1.04,0.01
3.52,32.00,4.92,0.99,0.00
3.52,32.00,5.37,0.93,0.00
3.52,32.00,5.65,0.98,0.00
3.52,21.00,4.24,0.91,0.01
3.52,26.00,3.57,0.96,0.01
3.52,26.00,3.55,0.93,0.01
3.52,26.00,4.54,1.02,0.00
3.52,32.00,3.87,0.98,0.01
3.52,32.00,5.30,1.01,0.01
3.52,32.00,5.05,0.93,0.00
3.52,21.00,3.62,0.94,0.01
3.53,21.00,3.55,1.02,0.00
3.53,21.00,3.70,0.98,0.00
3.53,26.00,4.38,1.01,0.00
3.53,26.00,4.61,1.04,0.00
3.53,26.00,5.23,1.02,0.00
3.53,32.00,4.64,1.01,0.01
3.53,32.00,4.96,1.04,0.01
3.53,32.00,5.61,1.01,0.01
3.53,32.00,4.15,1.01,0.01
3.53,32.00,4.94,1.02,0.01
3.53,32.00,4.32,1.01,0.00
3.53,32.00,4.41,1.01,0.00
3.53,32.00,5.45,0.95,0.00
3.53,32.00,5.88,1.00,0.00
3.53,21.00,3.81,1.02,0.00
3.53,32.00,5.61,1.06,0.01
3.53,32.00,5.31,0.94,0.00
3.53,32.00,5.02,0.95,0.00
3.53,21.00,3.63,0.94,0.01
3.53,21.00,3.57,0.93,0.01
3.55,26.00,3.34,0.92,0.01
3.55,26.00,4.63,1.01,0.00
3.55,32.00,4.80,1.07,0.01
3.55,21.00,3.70,0.86,0.00
3.55,32.00,5.19,1.03,0.01
3.55,32.00,4.95,1.03,0.01
3.55,32.00,4.29,0.98,0.01
3.55,32.00,4.91,1.06,0.01
3.55,32.00,4.61,1.01,0.00
3.55,32.00,5.36,1.00,0.00
3.55,32.00,4.63,1.00,0.00
3.55,32.00,4.39,1.02,0.00
3.55,32.00,5.63,0.97,0.00
3.55,21.00,3.90,0.93,0.01
3.55,21.00,3.51,0.95,0.01
3.55,26.00,4.09,0.97,0.01
3.56,21.00,3.46,0.98,0.00
3.56,32.00,4.86,1.04,0.01
3.56,32.00,5.20,1.03,0.01
3.56,32.00,4.34,1.00,0.01
3.56,32.00,5.41,0.97,0.00
3.56,32.00,4.45,1.00,0.00
3.56,32.00,5.37,0.97,0.00
3.56,21.00,3.86,0.93,0.01
3.56,21.00,3.64,1.02,0.00
3.56,26.00,3.78,0.96,0.01
3.56,26.00,4.48,1.06,0.00
3.56,26.00,4.83,1.03,0.00
3.56,32.00,4.46,1.04,0.01
3.56,32.00,5.49,0.94,0.00
3.56,32.00,4.52,1.00,0.00
3.56,32.00,5.47,0.95,0.00
3.56,32.00,5.39,0.97,0.00
3.56,32.00,5.34,1.00,0.00
3.56,32.00,5.96,0.97,0.00
3.56,21.00,3.76,0.93,0.01
3.58,21.00,3.71,0.98,0.00
3.58,26.00,3.94,0.95,0.01
3.58,26.00,3.93,0.97,0.01
3.58,26.00,3.70,0.96,0.01
3.58,26.00,4.51,0.99,0.00
3.58,32.00,5.58,1.03,0.01
3.58,32.00,5.15,1.06,0.01
3.58,32.00,5.27,1.05,0.01
3.58,32.00,4.96,0.97,0.00
3.58,32.00,4.31,1.00,0.00
3.58,32.00,6.06,0.99,0.00
3.58,32.00,5.47,0.98,0.00
3.58,32.00,3.81,1.01,0.01
3.58,32.00,4.55,1.02,0.01
3.58,32.00,4.54,1.04,0.01
3.58,32.00,5.83,0.98,0.00
3.59,26.00,4.21,0.99,0.00
3.59,21.00,3.87,0.98,0.00
3.59,26.00,4.10,0.99,0.01
3.59,26.00,4.73,1.02,0.00
3.59,26.00,4.78,0.98,0.00
3.59,26.00,4.27,1.05,0.00
3.59,26.00,4.66,1.01,0.00
3.59,32.00,5.43,1.06,0.01
3.59,32.00,4.57,1.04,0.01
3.59,32.00,4.79,1.05,0.01
3.59,32.00,4.76,1.02,0.01
3.59,32.00,4.62,1.02,0.01
3.59,32.00,4.50,1.08,0.01
3.59,32.00,4.54,1.04,0.01
3.59,32.00,4.34,1.03,0.01
3.59,32.00,4.30,1.03,0.00
3.59,32.00,4.52,0.96,0.00
3.59,32.00,4.50,1.01,0.00
3.59,21.00,3.49,0.91,0.01
3.59,21.00,3.49,0.97,0.01
3.59,21.00,4.33,0.95,0.01
3.61,32.00,4.64,1.00,0.00
3.61,26.00,3.70,0.97,0.01
3.61,26.00,3.77,0.97,0.01
3.61,26.00,4.32,1.01,0.00
3.61,32.00,3.96,1.02,0.01
3.61,32.00,5.16,1.04,0.01
3.61,32.00,4.26,1.00,0.00
3.61,21.00,4.00,0.99,0.00
3.61,21.00,3.92,0.96,0.01
3.61,26.00,5.06,1.06,0.00
3.61,26.00,4.79,1.01,0.00
3.61,32.00,4.28,1.07,0.01
3.61,32.00,5.02,1.01,0.01
3.61,32.00,5.79,1.03,0.00
3.61,21.00,3.92,0.90,0.00
3.62,26.00,4.18,1.03,0.00
3.63,21.00,3.38,1.02,0.00
3.63,26.00,4.23,1.06,0.00
3.63,26.00,4.85,0.94,0.00
3.63,26.00,4.55,1.01,0.00
3.63,26.00,5.00,1.08,0.00
3.63,26.00,4.46,1.05,0.00
3.63,32.00,4.57,1.02,0.01
3.63,32.00,5.19,1.08,0.01
3.63,32.00,4.79,1.02,0.00
3.63,32.00,4.30,1.08,0.00
3.63,32.00,4.28,1.05,0.00
3.63,32.00,4.79,1.01,0.00
3.63,32.00,4.81,0.97,0.00
3.63,32.00,4.60,0.99,0.00
3.63,32.00,5.59,0.97,0.00
3.63,21.00,3.64,0.97,0.01
3.63,21.00,3.80,0.95,0.01
3.64,32.00,4.77,1.03,0.01
3.64,32.00,5.13,0.98,0.00
3.64,21.00,4.26,0.97,0.01
3.64,26.00,4.74,1.02,0.00
3.64,26.00,4.38,1.07,0.00
3.64,26.00,4.36,1.03,0.00
3.64,32.00,4.97,0.98,0.00
3.64,32.00,4.65,0.93,0.00
3.64,32.00,4.92,1.00,0.00
3.64,21.00,3.87,0.94,0.01
3.64,21.00,3.88,0.94,0.01
3.65,21.00,3.56,0.92,0.01
3.66,26.00,4.84,1.04,0.00
3.66,32.00,5.21,1.07,0.01
3.66,32.00,4.60,1.07,0.01
3.66,32.00,4.63,1.03,0.01
3.66,32.00,5.34,0.99,0.00
3.66,32.00,5.45,1.01,0.00
3.66,21.00,3.43,0.95,0.01
3.66,26.00,3.58,1.00,0.01
3.66,26.00,4.86,1.06,0.00
3.66,32.00,5.73,0.97,0.00
3.66,32.00,5.39,0.98,0.00
3.66,21.00,3.43,0.98,0.01
3.67,32.00,6.13,1.11,0.01
3.67,32.00,4.31,1.00,0.00
3.67,32.00,4.20,1.01,0.00
3.67,26.00,3.86,0.98,0.01
3.67,26.00,4.63,1.03,0.00
3.67,26.00,4.56,1.03,0.00
3.67,26.00,4.31,1.04,0.00
3.67,32.00,4.59,1.02,0.01
3.67,32.00,4.90,1.05,0.01
3.67,32.00,4.34,1.07,0.01
3.67,32.00,4.39,0.97,0.00
3.67,32.00,5.33,0.97,0.00
3.67,32.00,4.38,1.01,0.00
3.67,32.00,4.33,1.01,0.00
3.67,32.00,4.52,1.02,0.00
3.67,32.00,4.32,1.04,0.00
3.67,32.00,4.47,1.03,0.00
3.67,21.00,3.65,0.92,0.01
3.67,21.00,3.53,0.98,0.01
3.69,26.00,3.73,0.98,0.01
3.69,32.00,6.18,1.09,0.01
3.69,32.00,4.26,1.10,0.01
3.69,32.00,4.38,1.03,0.01
3.69,32.00,5.72,0.99,0.00
3.69,32.00,5.41,1.04,0.00
3.69,26.00,3.99,1.09,0.00
3.69,26.00,4.42,1.09,0.00
3.69,21.00,5.30,1.06,0.00
3.69,32.00,4.45,1.04,0.01
3.69,32.00,4.79,1.05,0.00
3.69,32.00,4.43,1.09,0.00
3.69,32.00,5.30,1.02,0.00
3.70,21.00,3.72,0.93,0.01
3.70,26.00,4.98,1.04,0.00
3.70,21.00,5.31,1.11,0.00
3.70,32.00,4.49,1.05,0.01
3.70,32.00,5.26,1.09,0.01
3.70,32.00,4.45,1.06,0.00
3.70,32.00,4.35,1.07,0.00
3.70,32.00,4.97,0.97,0.00
3.70,32.00,4.40,1.08,0.00
3.70,32.00,4.89,0.92,0.00
3.70,32.00,5.27,1.04,0.00
3.70,26.00,3.25,0.99,0.01
3.70,32.00,4.21,1.06,0.01
3.71,26.00,4.63,1.09,0.00
3.72,21.00,4.80,1.10,0.00
3.72,21.00,5.03,1.12,0.00
3.72,32.00,4.57,1.09,0.01
3.72,32.00,4.83,1.06,0.01
3.72,21.00,3.38,1.03,0.00
3.72,26.00,4.64,1.05,0.00
3.72,26.00,4.53,1.06,0.00
3.72,26.00,4.26,1.04,0.00
3.72,26.00,4.71,1.08,0.00
3.72,32.00,5.98,1.09,0.01
3.72,32.00,4.03,1.03,0.01
3.72,32.00,4.92,1.07,0.01
3.72,32.00,4.66,1.02,0.00
3.72,32.00,4.43,1.07,0.00
3.72,32.00,5.08,1.03,0.00
3.72,32.00,4.55,0.99,0.00
3.72,32.00,4.33,1.05,0.00
3.72,32.00,6.07,1.01,0.00
3.72,21.00,3.40,0.97,0.01
3.72,21.00,3.84,0.96,0.01
3.73,26.00,4.65,1.08,0.00
3.73,32.00,5.42,1.08,0.01
3.73,32.00,4.86,1.09,0.01
3.73,32.00,4.93,1.04,0.01
3.73,32.00,4.81,1.06,0.01
3.73,32.00,4.86,0.99,0.00
3.74,32.00,5.05,1.11,0.01
3.74,32.00,5.41,0.99,0.00
3.74,21.00,3.48,0.97,0.01
3.75,21.00,4.93,1.09,0.00
3.75,32.00,5.35,1.13,0.01
3.75,32.00,5.82,1.09,0.01
3.75,32.00,4.41,0.98,0.00
3.75,32.00,4.36,1.01,0.00
3.75,32.00,4.63,1.01,0.00
3.75,32.00,4.44,1.10,0.00
3.75,32.00,4.68,1.02,0.00
3.75,32.00,4.60,1.09,0.00
3.75,21.00,3.92,0.97,0.01
3.75,21.00,4.43,0.98,0.01
3.75,26.00,3.68,1.02,0.01
3.75,32.00,5.47,1.09,0.01
3.77,26.00,4.53,1.05,0.00
3.77,32.00,5.56,1.09,0.01
3.77,32.00,3.90,1.05,0.00
3.77,32.00,5.28,0.98,0.00
3.77,32.00,4.44,1.07,0.00
3.77,32.00,5.08,0.96,0.00
3.77,32.00,5.72,1.01,0.00
3.77,26.00,4.48,1.06,0.00
3.77,26.00,4.19,1.07,0.00
3.77,21.00,5.21,1.11,0.00
3.77,32.00,4.11,1.10,0.01
3.77,32.00,5.86,1.09,0.01
3.77,32.00,5.93,1.09,0.01
3.77,32.00,5.48,1.07,0.01
3.77,32.00,4.66,1.07,0.01
3.77,32.00,5.44,1.01,0.00
3.77,32.00,4.03,1.07,0.00
3.77,32.00,5.20,1.01,0.00
3.77,32.00,5.31,0.97,0.00
3.77,32.00,5.22,0.99,0.00
3.78,32.00,5.93,1.15,0.01
3.78,32.00,4.26,1.09,0.00
3.78,32.00,4.44,1.04,0.00
3.78,21.00,3.89,1.03,0.01
3.78,21.00,4.89,1.10,0.00
3.78,21.00,4.89,1.09,0.00
3.78,32.00,4.80,1.13,0.01
3.78,32.00,4.23,1.06,0.00
3.78,32.00,4.63,1.01,0.00
3.80,21.00,4.70,1.06,0.00
3.80,26.00,4.80,1.08,0.00
3.80,21.00,4.93,1.13,0.00
3.80,21.00,4.88,1.12,0.00
3.80,21.00,5.28,1.09,0.00
3.80,21.00,5.18,1.15,0.00
3.80,32.00,5.02,1.07,0.01
3.80,32.00,5.13,1.02,0.00
3.80,32.00,5.32,1.01,0.00
3.80,32.00,4.15,1.03,0.00
3.80,32.00,4.98,1.04,0.00
3.81,32.00,5.28,0.97,0.00
3.81,32.00,5.49,1.01,0.00
3.81,21.00,5.16,1.12,0.00
3.81,32.00,5.70,1.10,0.01
3.81,32.00,4.61,1.04,0.00
3.81,32.00,4.02,1.05,0.00
3.83,26.00,4.60,1.06,0.00
3.83,21.00,4.98,1.13,0.00
3.83,21.00,4.70,1.12,0.00
3.83,32.00,5.43,1.11,0.01
3.83,32.00,5.44,1.11,0.01
3.83,32.00,4.45,1.08,0.01
3.83,32.00,4.55,1.14,0.01
3.83,32.00,4.18,1.07,0.00
3.83,32.00,4.10,1.05,0.00
3.83,32.00,5.22,0.93,0.00
3.83,32.00,5.00,1.03,0.00
3.83,32.00,5.77,1.01,0.00
3.83,32.00,4.37,1.07,0.00
3.83,32.00,4.24,1.13,0.00
3.83,21.00,4.85,0.97,0.01
3.83,21.00,4.98,1.07,0.00
3.83,32.00,5.17,1.05,0.00
3.83,32.00,5.59,1.04,0.00
3.84,21.00,5.06,1.12,0.00
3.84,21.00,4.63,1.12,0.00
3.84,21.00,5.24,1.15,0.00
3.84,32.00,4.31,1.08,0.00
3.84,32.00,4.07,1.08,0.00
3.84,32.00,4.63,1.14,0.01
3.84,32.00,4.65,1.10,0.01
3.84,32.00,5.02,1.11,0.01
3.84,32.00,4.38,1.13,0.00
3.84,32.00,5.63,0.98,0.00
3.84,32.00,5.42,1.05,0.00
3.86,21.00,5.19,1.13,0.00
3.86,21.00,5.01,1.14,0.00
3.86,26.00,4.40,1.07,0.00
3.86,21.00,5.23,1.11,0.00
3.88,26.00,3.96,1.14,0.00
3.88,32.00,5.46,1.11,0.01
3.88,32.00,5.75,1.15,0.01
3.88,32.00,5.49,1.10,0.01
3.88,32.00,5.63,1.11,0.01
3.88,32.00,6.04,1.06,0.00
3.88,21.00,4.78,1.09,0.00
3.89,32.00,5.53,1.13,0.01
3.89,21.00,4.95,1.12,0.00
3.89,21.00,4.86,1.15,0.00
3.89,32.00,6.71,1.16,0.01
3.89,32.00,5.16,1.12,0.01
3.89,32.00,4.17,1.13,0.00
3.89,32.00,4.71,1.02,0.00
3.91,21.00,4.91,1.11,0.00
3.91,32.00,4.67,1.10,0.01
3.91,32.00,4.81,1.15,0.01
3.91,32.00,4.13,1.09,0.00
3.91,21.00,5.00,1.14,0.00
3.92,26.00,4.21,1.16,0.00
3.92,26.00,4.70,1.13,0.00
3.92,21.00,4.76,1.13,0.00
3.92,21.00,5.27,1.19,0.00
3.92,21.00,4.62,1.13,0.00
3.92,32.00,4.05,1.09,0.01
3.92,32.00,5.53,1.14,0.01
3.92,32.00,5.73,1.15,0.01
3.92,32.00,5.44,1.12,0.01
3.92,32.00,5.66,1.13,0.01
3.92,32.00,5.50,1.16,0.01
3.92,32.00,5.07,1.02,0.00
3.92,32.00,4.12,1.07,0.00
3.92,32.00,5.22,1.07,0.00
3.92,32.00,5.53,1.02,0.00
3.94,21.00,3.59,1.13,0.00
3.94,21.00,4.73,1.09,0.00
3.94,32.00,4.49,1.11,0.01
3.94,32.00,5.06,1.02,0.00
3.94,21.00,4.97,1.12,0.00
3.94,21.00,5.13,1.16,0.00
3.94,32.00,4.35,1.13,0.00
3.95,21.00,4.82,1.14,0.00
3.95,21.00,4.68,1.09,0.00
3.95,21.00,4.66,1.15,0.00
3.95,32.00,5.02,1.06,0.00
3.95,32.00,4.36,1.09,0.00
3.95,32.00,5.11,1.09,0.00
3.95,32.00,4.17,1.10,0.00
3.95,21.00,3.96,1.00,0.01
3.95,21.00,3.68,1.02,0.01
3.95,32.00,5.37,1.15,0.01
3.95,32.00,4.38,1.07,0.00
3.95,32.00,4.10,1.11,0.00
3.97,32.00,4.39,1.11,0.00
3.97,21.00,3.64,1.03,0.01
3.97,49.00,4.37,1.17,0.00
3.97,26.00,4.08,1.12,0.00
3.97,21.00,4.96,1.17,0.00
3.97,32.00,4.34,1.13,0.01
3.97,32.00,5.36,1.18,0.01
3.97,32.00,5.73,1.18,0.01
3.97,32.00,5.57,1.13,0.01
3.97,32.00,4.61,1.09,0.00
3.97,32.00,4.82,1.12,0.00
3.98,21.00,5.05,1.17,0.00
3.98,32.00,5.08,1.11,0.01
3.98,21.00,4.74,1.15,0.00
3.98,32.00,5.34,1.16,0.01
3.98,32.00,5.58,1.17,0.01
3.98,32.00,5.80,1.16,0.01
3.98,32.00,5.51,1.20,0.01
3.98,32.00,4.31,1.12,0.00
3.99,26.00,4.75,1.12,0.00
3.99,21.00,4.82,1.15,0.00
3.99,21.00,5.26,1.15,0.00
3.99,21.00,4.85,1.14,0.00
3.99,21.00,4.89,1.17,0.00
3.99,32.00,5.77,1.13,0.01
3.99,32.00,5.63,1.13,0.01
3.99,32.00,5.35,1.08,0.00
4.00,32.00,4.52,1.16,0.01
4.00,21.00,5.05,1.15,0.00
4.00,21.00,4.68,1.14,0.00
4.00,21.00,4.74,1.14,0.00
4.00,32.00,5.24,1.13,0.01
4.00,32.00,6.10,1.13,0.01
4.00,32.00,5.36,1.16,0.01
4.00,32.00,5.32,1.17,0.01
4.00,32.00,5.09,1.09,0.00
4.00,32.00,4.20,1.07,0.00
4.00,32.00,4.88,1.03,0.00
4.00,32.00,4.96,1.11,0.00
4.00,32.00,5.50,1.04,0.00
4.00,32.00,4.26,1.07,0.00
4.00,32.00,4.62,1.11,0.00
4.02,32.00,5.21,1.16,0.00
4.02,21.00,5.08,1.16,0.00
4.02,32.00,6.00,1.16,0.01
4.02,21.00,3.60,1.01,0.01
4.03,32.00,4.31,1.18,0.01
4.03,32.00,4.42,1.10,0.01
4.03,32.00,5.33,1.17,0.01
4.03,32.00,5.28,1.19,0.01
4.03,21.00,4.63,1.15,0.00
4.05,21.00,4.87,1.16,0.00
4.05,32.00,4.53,1.05,0.01
4.05,32.00,3.83,1.12,0.01
4.05,32.00,4.74,1.11,0.01
4.05,32.00,5.22,1.18,0.01
4.05,32.00,5.79,1.09,0.01
4.06,21.00,4.40,1.18,0.00
4.06,32.00,4.95,1.16,0.01
4.06,32.00,5.32,1.16,0.01
4.06,32.00,6.58,1.15,0.01
4.06,32.00,5.35,1.16,0.01
4.06,32.00,4.05,1.09,0.01
4.06,32.00,4.81,1.15,0.01
4.06,32.00,5.77,1.17,0.01
4.08,21.00,4.90,1.17,0.00
4.08,32.00,5.01,1.17,0.01
4.08,21.00,5.02,1.16,0.00
4.08,32.00,4.47,1.10,0.01
4.08,32.00,4.00,1.08,0.01
4.09,21.00,4.69,1.18,0.00
4.09,21.00,4.83,1.18,0.00
4.09,32.00,3.94,1.14,0.01
4.09,32.00,4.40,1.13,0.01
4.09,32.00,5.41,1.19,0.01
4.09,32.00,4.23,1.10,0.00
4.11,32.00,5.35,1.17,0.00
4.11,32.00,4.35,1.11,0.00
4.11,21.00,4.66,1.16,0.00
4.11,32.00,4.59,1.13,0.01
4.11,32.00,5.33,1.15,0.00
4.11,32.00,5.50,1.18,0.00
4.13,21.00,4.58,1.22,0.00
4.13,32.00,4.29,1.12,0.01
4.13,32.00,6.33,1.22,0.01
4.13,32.00,6.03,1.22,0.01
4.14,21.00,5.09,1.20,0.00
4.14,32.00,4.67,1.15,0.00
4.14,32.00,4.31,1.15,0.01
4.14,32.00,4.85,1.16,0.01
4.14,32.00,5.94,1.23,0.01
4.16,32.00,4.10,1.10,0.01
4.16,32.00,5.78,1.21,0.01
4.16,32.00,4.86,1.14,0.01
4.17,32.00,5.50,1.13,0.00
4.17,32.00,4.63,1.11,0.01
4.17,32.00,4.10,1.15,0.01
4.17,32.00,4.60,1.13,0.01
4.17,32.00,4.23,1.08,0.01
4.17,32.00,5.21,1.21,0.00
4.17,32.00,4.38,1.14,0.01
4.19,32.00,4.26,1.13,0.01
4.19,32.00,5.29,1.22,0.01
4.19,32.00,4.24,1.12,0.01
4.19,32.00,4.12,1.12,0.01
4.19,32.00,4.92,1.17,0.00
4.20,32.00,4.56,1.17,0.01
4.20,32.00,4.19,1.11,0.01
4.20,32.00,4.08,1.13,0.01
4.20,32.00,4.37,1.09,0.01
4.20,32.00,4.37,1.14,0.01
4.20,32.00,3.91,1.22,0.01
4.20,32.00,6.28,1.11,0.01
4.20,21.00,4.45,1.19,0.00
4.20,32.00,5.91,1.19,0.01
4.22,32.00,5.59,1.22,0.01
4.22,32.00,5.70,1.14,0.00
4.22,32.00,4.38,1.12,0.01
4.22,32.00,4.39,1.16,0.01
4.22,32.00,4.62,1.17,0.01
4.22,32.00,5.63,1.21,0.00
4.22,32.00,4.90,1.14,0.00
4.23,32.00,4.58,1.14,0.01
4.23,32.00,5.69,1.18,0.00
4.25,32.00,4.38,1.14,0.01
4.25,32.00,5.01,1.19,0.00
4.25,32.00,4.51,1.19,0.01
4.27,32.00,4.17,1.19,0.01
4.27,32.00,3.84,1.16,0.01
4.27,32.00,5.14,1.20,0.00
4.28,32.00,4.41,1.13,0.01
4.28,32.00,4.98,1.18,0.00
4.28,32.00,5.67,1.18,0.00
4.28,32.00,4.81,1.13,0.01
4.28,32.00,5.34,1.22,0.01
4.28,21.00,4.91,1.22,0.00
4.28,32.00,4.00,1.14,0.01
4.28,32.00,4.24,1.17,0.01
4.28,32.00,4.98,1.13,0.00
4.30,32.00,5.40,1.17,0.00
4.30,32.00,4.43,1.18,0.01
4.31,32.00,4.11,1.15,0.01
4.31,32.00,4.97,1.17,0.00
4.31,32.00,5.70,1.26,0.01
4.31,32.00,4.63,1.21,0.01
4.31,32.00,4.28,1.15,0.01
4.31,32.00,4.75,1.18,0.00
4.33,32.00,4.16,1.18,0.01
4.33,32.00,5.17,1.17,0.00
4.34,21.00,4.88,1.27,0.00
4.34,21.00,4.73,1.31,0.00
4.34,32.00,4.42,1.19,0.01
4.34,32.00,5.10,1.20,0.00
4.36,32.00,4.27,1.13,0.01
4.36,32.00,5.13,1.21,0.00
4.36,32.00,4.56,1.17,0.01
4.36,32.00,5.57,1.22,0.00
4.36,32.00,4.31,1.21,0.01
4.37,32.00,4.95,1.13,0.00
4.38,21.00,4.59,1.27,0.00
4.38,32.00,5.56,1.22,0.00
4.38,32.00,3.89,1.23,0.01
4.38,32.00,4.49,1.17,0.01
4.39,32.00,4.04,1.22,0.01
4.39,32.00,5.51,1.21,0.00
4.39,32.00,5.36,1.21,0.00
4.39,32.00,5.22,1.19,0.00
4.39,32.00,5.39,1.17,0.00
4.41,32.00,5.53,1.19,0.00
4.42,32.00,3.90,1.18,0.01
4.44,32.00,5.08,1.16,0.00
4.44,32.00,5.14,1.21,0.00
4.44,32.00,5.20,1.26,0.00
4.44,32.00,5.42,1.27,0.00
4.44,32.00,5.52,1.25,0.00
4.44,32.00,4.22,1.15,0.01
4.44,32.00,5.30,1.25,0.00
4.44,32.00,5.65,1.18,0.00
4.45,32.00,4.80,1.25,0.01
4.45,32.00,5.77,1.22,0.00
4.45,32.00,5.55,1.25,0.00
4.47,32.00,4.46,1.25,0.01
4.47,32.00,4.52,1.21,0.01
4.47,32.00,4.71,1.21,0.00
4.48,32.00,5.49,1.17,0.00
4.49,32.00,5.06,1.22,0.00
4.49,32.00,5.48,1.26,0.00
4.49,32.00,4.27,1.21,0.01
4.50,49.00,4.18,1.28,0.00
4.52,32.00,5.42,1.26,0.00
4.52,32.00,5.59,1.21,0.00
4.52,32.00,4.90,1.22,0.00
4.52,32.00,5.36,1.20,0.00
4.53,49.00,4.31,1.32,0.00
4.53,32.00,4.57,1.26,0.01
4.53,32.00,4.80,1.25,0.01
4.53,32.00,5.16,1.26,0.00
4.53,32.00,5.37,1.28,0.00
4.55,49.00,4.21,1.29,0.00
4.55,32.00,4.20,1.25,0.01
4.55,32.00,4.93,1.25,0.00
4.56,32.00,4.41,1.28,0.01
4.56,32.00,4.54,1.27,0.01
4.56,32.00,5.08,1.24,0.00
4.58,32.00,4.48,1.26,0.01
4.58,32.00,5.57,1.26,0.00
4.58,32.00,5.09,1.23,0.00
4.58,32.00,5.28,1.23,0.00
4.58,32.00,4.04,1.22,0.01
4.58,32.00,5.47,1.20,0.00
4.58,32.00,5.43,1.22,0.00
4.58,32.00,4.93,1.33,0.01
4.59,49.00,4.27,1.31,0.00
4.59,32.00,4.46,1.25,0.01
4.59,49.00,4.01,1.37,0.00
4.59,32.00,4.33,1.29,0.01
4.61,32.00,5.15,1.29,0.00
4.61,32.00,4.70,1.22,0.00
4.61,32.00,4.64,1.24,0.01
4.61,32.00,4.20,1.18,0.01
4.63,32.00,4.53,1.32,0.01
4.63,32.00,4.12,1.24,0.01
4.64,49.00,4.41,1.35,0.00
4.64,49.00,4.07,1.31,0.00
4.64,49.00,4.59,1.30,0.00
4.64,32.00,4.13,1.27,0.01
4.64,32.00,5.09,1.26,0.00
4.66,32.00,4.38,1.31,0.01
4.66,32.00,4.11,1.24,0.01
4.66,32.00,4.56,1.34,0.01
4.66,32.00,4.69,1.28,0.00
4.66,32.00,4.63,1.22,0.01
4.67,32.00,4.38,1.35,0.01
4.67,32.00,4.73,1.34,0.01
4.67,49.00,4.28,1.32,0.00
4.67,49.00,4.18,1.31,0.00
4.67,32.00,4.38,1.28,0.01
4.69,49.00,3.84,1.36,0.00
4.69,49.00,4.23,1.40,0.00
4.69,49.00,4.03,1.34,0.00
4.69,32.00,4.29,1.30,0.01
4.69,32.00,4.37,1.26,0.01
4.69,32.00,4.97,1.27,0.00
4.69,32.00,4.96,1.27,0.00
4.70,32.00,5.32,1.30,0.00
4.72,32.00,5.17,1.26,0.00
4.72,32.00,4.40,1.29,0.01
4.72,32.00,4.62,1.30,0.01
4.72,32.00,4.14,1.31,0.01
4.72,32.00,4.34,1.32,0.01
4.72,32.00,5.14,1.29,0.00
4.74,49.00,4.18,1.32,0.00
4.75,49.00,4.11,1.34,0.00
4.75,49.00,4.07,1.36,0.00
4.75,49.00,4.53,1.35,0.00
4.75,32.00,4.71,1.37,0.01
4.75,32.00,4.13,1.22,0.01
4.75,49.00,4.31,1.34,0.00
4.75,49.00,4.10,1.36,0.00
4.77,49.00,4.35,1.38,0.00
4.77,32.00,4.42,1.34,0.01
4.77,49.00,4.08,1.35,0.00
4.78,49.00,3.91,1.32,0.00
4.78,32.00,5.05,1.32,0.00
4.78,49.00,4.21,1.33,0.00
4.78,32.00,4.61,1.33,0.01
4.80,49.00,4.59,1.39,0.00
4.80,32.00,4.36,1.34,0.01
4.81,49.00,4.22,1.40,0.00
4.81,32.00,4.65,1.32,0.01
4.81,32.00,4.91,1.33,0.00
4.81,49.00,3.83,1.34,0.00
4.81,32.00,4.38,1.32,0.01
4.83,49.00,4.29,1.46,0.00
4.83,32.00,3.99,1.29,0.01
4.83,32.00,4.83,1.35,0.01
4.83,32.00,5.69,1.31,0.00
4.83,49.00,4.21,1.37,0.00
4.83,32.00,4.24,1.36,0.01
4.84,49.00,4.10,1.39,0.00
4.84,49.00,3.88,1.37,0.00
4.84,49.00,3.94,1.33,0.00
4.84,32.00,4.98,1.30,0.01
4.86,49.00,4.09,1.38,0.00
4.86,49.00,4.39,1.35,0.00
4.86,49.00,4.02,1.39,0.00
4.86,32.00,4.14,1.40,0.01
4.86,49.00,4.32,1.43,0.00
4.86,49.00,4.31,1.42,0.00
4.86,32.00,4.56,1.30,0.01
4.88,49.00,3.87,1.44,0.00
4.88,32.00,4.31,1.30,0.01
4.88,32.00,4.53,1.39,0.01
4.88,32.00,4.66,1.42,0.00
4.88,49.00,3.65,1.34,0.00
4.89,32.00,4.33,1.37,0.01
4.89,32.00,4.64,1.31,0.01
4.91,32.00,4.75,1.38,0.01
4.91,49.00,3.85,1.43,0.00
4.91,32.00,3.99,1.37,0.01
4.91,32.00,4.24,1.33,0.01
4.91,32.00,4.37,1.33,0.01
4.92,32.00,4.79,1.35,0.01
4.92,49.00,4.28,1.47,0.00
4.92,49.00,4.07,1.43,0.00
4.92,49.00,4.57,1.41,0.00
4.92,32.00,4.72,1.43,0.00
4.92,32.00,4.78,1.38,0.01
4.94,49.00,3.54,1.34,0.00
4.94,32.00,4.47,1.38,0.01
4.94,32.00,4.77,1.38,0.00
4.94,49.00,4.21,1.41,0.00
4.94,49.00,4.21,1.38,0.00
4.95,49.00,3.75,1.37,0.00
4.97,49.00,4.49,1.37,0.00
4.97,32.00,4.43,1.37,0.01
4.97,32.00,4.57,1.34,0.01
4.98,49.00,4.60,1.51,0.00
4.99,32.00,4.46,1.36,0.01
4.99,32.00,4.30,1.33,0.01
4.99,32.00,4.53,1.39,0.01
5.00,49.00,3.83,1.39,0.00
5.00,32.00,4.74,1.39,0.00
5.02,49.00,3.80,1.37,0.00
5.02,32.00,4.69,1.39,0.01
5.02,32.00,4.80,1.44,0.00
5.03,32.00,4.62,1.45,0.00
5.05,49.00,4.42,1.39,0.00
5.05,49.00,4.37,1.44,0.00
5.05,32.00,4.99,1.44,0.00
5.05,32.00,4.74,1.44,0.00
5.06,49.00,4.47,1.46,0.00
5.06,49.00,4.46,1.50,0.00
5.06,49.00,3.79,1.43,0.00
5.08,49.00,4.27,1.40,0.00
5.08,49.00,4.33,1.55,0.00
5.08,32.00,4.14,1.48,0.00
5.08,32.00,4.53,1.37,0.01
5.08,32.00,4.51,1.35,0.01
5.09,49.00,4.75,1.48,0.00
5.11,49.00,4.07,1.46,0.00
5.11,32.00,4.58,1.49,0.00
5.11,49.00,4.49,1.46,0.00
5.11,49.00,3.99,1.41,0.00
5.11,49.00,4.28,1.42,0.00
5.11,32.00,4.93,1.43,0.00
5.11,32.00,4.41,1.41,0.00
5.12,49.00,4.34,1.54,0.00
5.13,32.00,4.81,1.42,0.00
5.13,32.00,4.77,1.45,0.00
5.13,32.00,4.66,1.40,0.01
5.13,49.00,4.28,1.46,0.00
5.13,49.00,4.35,1.48,0.00
5.13,32.00,4.76,1.42,0.00
5.14,49.00,4.61,1.48,0.00
5.14,32.00,4.88,1.46,0.00
5.16,49.00,4.36,1.51,0.00
5.16,49.00,3.56,1.46,0.00
5.16,49.00,4.04,1.52,0.00
5.16,49.00,3.57,1.48,0.00
5.16,32.00,4.85,1.46,0.00
5.17,49.00,4.21,1.48,0.00
5.17,49.00,3.96,1.55,0.00
5.19,32.00,4.39,1.46,0.00
5.19,49.00,4.45,1.48,0.00
5.19,32.00,4.31,1.44,0.00
5.19,32.00,4.67,1.45,0.00
5.19,32.00,4.64,1.49,0.00
5.19,49.00,3.96,1.36,0.00
5.20,49.00,4.53,1.52,0.00
5.20,49.00,4.36,1.44,0.00
5.20,32.00,4.56,1.45,0.00
5.20,32.00,4.57,1.43,0.00
5.20,49.00,4.11,1.58,0.00
5.20,49.00,3.88,1.51,0.00
5.22,32.00,4.79,1.48,0.00
5.22,32.00,4.73,1.49,0.00
5.22,49.00,4.17,1.48,0.00
5.22,32.00,4.74,1.46,0.00
5.22,32.00,4.54,1.47,0.00
5.23,49.00,4.24,1.50,0.00
5.23,32.00,4.84,1.44,0.00
5.23,32.00,4.59,1.50,0.00
5.24,49.00,4.26,1.51,0.00
5.24,32.00,4.61,1.47,0.01
5.25,32.00,4.70,1.50,0.00
5.25,49.00,4.35,1.51,0.00
5.25,32.00,4.33,1.35,0.00
5.25,32.00,4.88,1.47,0.00
5.25,32.00,4.65,1.45,0.00
5.25,32.00,5.01,1.55,0.00
5.25,49.00,4.04,1.52,0.00
5.27,49.00,4.42,1.56,0.00
5.27,49.00,3.88,1.56,0.00
5.27,49.00,4.19,1.48,0.00
5.27,49.00,4.32,1.54,0.00
5.27,32.00,4.70,1.49,0.00
5.28,49.00,4.48,1.52,0.00
5.28,32.00,4.26,1.51,0.00
5.28,49.00,4.37,1.59,0.00
5.30,49.00,4.12,1.60,0.00
5.30,49.00,3.88,1.59,0.00
5.30,49.00,4.26,1.52,0.00
5.30,49.00,4.04,1.50,0.00
5.30,49.00,4.06,1.53,0.00
5.30,32.00,4.60,1.45,0.00
5.30,32.00,4.68,1.52,0.00
5.31,49.00,4.16,1.50,0.00
5.31,32.00,4.67,1.46,0.00
5.31,49.00,4.42,1.59,0.00
5.33,49.00,3.50,1.63,0.01
5.33,49.00,4.21,1.52,0.00
5.33,32.00,4.81,1.48,0.00
5.33,32.00,4.45,1.51,0.00
5.33,32.00,4.75,1.50,0.00
5.34,49.00,4.20,1.59,0.00
5.34,49.00,4.25,1.54,0.00
5.34,49.00,4.30,1.51,0.00
5.34,49.00,3.98,1.54,0.00
5.34,49.00,4.36,1.59,0.00
5.34,32.00,4.58,1.52,0.00
5.34,32.00,4.62,1.47,0.00
5.36,49.00,3.86,1.52,0.00
5.36,32.00,4.52,1.48,0.00
5.36,49.00,4.28,1.52,0.00
5.36,32.00,5.13,1.53,0.00
5.37,49.00,4.04,1.61,0.01
5.38,49.00,4.48,1.57,0.00
5.38,49.00,4.37,1.54,0.00
5.38,32.00,4.82,1.48,0.00
5.38,32.00,5.06,1.52,0.00
5.38,32.00,4.35,1.51,0.00
5.38,32.00,4.49,1.54,0.00
5.38,32.00,4.65,1.58,0.00
5.39,32.00,4.19,1.53,0.00
5.41,49.00,4.16,1.61,0.00
5.41,49.00,4.25,1.60,0.00
5.41,32.00,4.70,1.54,0.00
5.42,49.00,4.15,1.59,0.00
5.42,49.00,3.94,1.54,0.00
5.42,32.00,4.64,1.51,0.00
5.42,32.00,4.90,1.50,0.00
5.44,49.00,3.89,1.58,0.01
5.44,49.00,4.31,1.60,0.00
5.44,32.00,4.42,1.53,0.00
5.44,49.00,4.40,1.62,0.00
5.45,49.00,4.07,1.53,0.00
5.45,49.00,4.23,1.60,0.00
5.45,49.00,4.07,1.46,0.00
5.47,49.00,3.81,1.66,0.01
5.48,49.00,3.81,1.55,0.00
5.48,49.00,3.91,1.62,0.01
5.48,49.00,4.22,1.63,0.01
5.48,49.00,4.58,1.59,0.00
5.49,49.00,4.40,1.57,0.00
5.49,49.00,4.19,1.61,0.00
5.49,32.00,4.77,1.55,0.00
5.50,49.00,4.17,1.62,0.01
5.50,49.00,4.16,1.55,0.00
5.50,49.00,4.33,1.59,0.00
5.50,49.00,4.17,1.56,0.00
5.50,49.00,4.61,1.64,0.00
5.50,49.00,4.42,1.58,0.00
5.52,49.00,4.27,1.56,0.00
5.52,32.00,4.63,1.52,0.00
5.52,32.00,4.73,1.58,0.00
5.52,32.00,4.74,1.56,0.00
5.52,32.00,4.79,1.55,0.00
5.52,32.00,4.47,1.56,0.00
5.52,32.00,4.16,1.55,0.00
5.53,49.00,3.90,1.57,0.00
5.53,49.00,4.04,1.59,0.00
5.55,32.00,4.74,1.56,0.00
5.56,49.00,4.28,1.59,0.00
5.56,49.00,4.24,1.61,0.00
5.56,32.00,4.83,1.57,0.00
5.56,49.00,4.29,1.67,0.01
5.56,32.00,4.68,1.52,0.00
5.58,49.00,4.28,1.64,0.00
5.58,32.00,4.66,1.54,0.00
5.59,49.00,4.21,1.60,0.00
5.61,49.00,4.05,1.60,0.01
5.61,32.00,4.67,1.48,0.00
5.63,49.00,3.75,1.71,0.01
5.63,49.00,3.61,1.67,0.01
5.64,49.00,3.97,1.61,0.01
5.64,49.00,3.86,1.61,0.01
5.64,49.00,4.05,1.62,0.01
5.66,49.00,4.13,1.68,0.01
5.66,49.00,3.65,1.61,0.01
5.66,49.00,4.26,1.70,0.01
5.66,49.00,3.98,1.63,0.00
5.67,49.00,3.88,1.72,0.01
5.69,49.00,4.03,1.72,0.01
5.69,49.00,3.94,1.67,0.01
5.69,49.00,4.11,1.61,0.00
5.69,49.00,3.89,1.69,0.01
5.69,49.00,4.31,1.64,0.00
5.70,49.00,4.50,1.62,0.00
5.70,49.00,3.66,1.66,0.01
5.72,49.00,3.69,1.66,0.01
5.72,49.00,3.81,1.66,0.01
5.74,49.00,3.91,1.62,0.01
5.75,49.00,3.64,1.65,0.01
5.75,49.00,4.18,1.68,0.01
5.75,49.00,3.73,1.66,0.01
5.77,49.00,3.70,1.69,0.01
5.78,49.00,4.03,1.74,0.01
5.80,49.00,3.82,1.72,0.01
5.80,49.00,3.65,1.71,0.01
5.83,49.00,4.36,1.74,0.01
5.84,49.00,3.81,1.71,0.01
5.84,49.00,3.41,1.75,0.01
5.84,49.00,3.75,1.76,0.01
5.86,49.00,3.63,1.75,0.01
5.86,49.00,3.88,1.76,0.01
5.86,49.00,3.75,1.69,0.01
5.86,49.00,3.74,1.70,0.01
5.86,49.00,4.08,1.72,0.01
5.86,49.00,4.28,1.70,0.01
5.88,49.00,3.66,1.68,0.01
5.88,49.00,4.14,1.66,0.00
5.89,49.00,3.87,1.71,0.01
5.89,49.00,3.87,1.73,0.01
5.89,49.00,3.87,1.77,0.01
5.91,49.00,4.00,1.71,0.01
5.92,49.00,3.73,1.62,0.01
5.92,49.00,3.76,1.81,0.01
5.92,49.00,4.16,1.72,0.01
5.94,49.00,3.87,1.78,0.01
5.94,49.00,4.27,1.70,0.01
5.94,49.00,4.37,1.80,0.01
5.94,49.00,3.20,1.82,0.01
5.94,49.00,3.35,1.81,0.01
5.94,49.00,4.18,1.78,0.01
5.95,49.00,3.29,1.77,0.01
5.95,49.00,3.86,1.72,0.01
5.95,49.00,3.94,1.68,0.01
5.95,49.00,3.41,1.78,0.01
5.97,49.00,3.30,1.75,0.01
5.97,49.00,3.55,1.64,0.01
5.98,49.00,3.07,1.74,0.01
5.99,49.00,3.85,1.74,0.01
6.00,49.00,3.76,1.72,0.01
6.00,49.00,3.83,1.72,0.01
6.00,49.00,3.91,1.82,0.01
6.02,49.00,4.04,1.78,0.01
6.02,49.00,3.31,1.82,0.01
6.02,49.00,3.63,1.76,0.01
6.02,49.00,3.78,1.74,0.01
6.05,49.00,3.27,1.85,0.01
6.05,49.00,3.10,1.84,0.01
6.06,49.00,4.26,1.73,0.01
6.06,49.00,3.72,1.76,0.01
6.09,49.00,3.93,1.76,0.01
6.09,49.00,3.47,1.79,0.01
6.09,49.00,3.35,1.83,0.01
6.09,49.00,3.15,1.83,0.01
6.11,49.00,3.07,1.78,0.01
6.11,49.00,3.40,1.79,0.01
6.11,49.00,3.85,1.80,0.01
6.11,49.00,3.44,1.78,0.01
6.13,49.00,4.03,1.74,0.01
6.13,49.00,3.35,1.79,0.01
6.14,49.00,3.29,1.85,0.01
6.14,49.00,3.81,1.79,0.01
6.16,49.00,3.07,1.79,0.01
6.16,49.00,4.17,1.77,0.01
6.16,49.00,3.35,1.80,0.01
6.16,49.00,3.14,1.89,0.01
6.17,49.00,3.16,1.80,0.01
6.17,49.00,3.13,1.77,0.01
6.17,49.00,3.23,1.86,0.01
6.17,49.00,3.21,1.84,0.01
6.17,49.00,3.27,1.81,0.01
6.19,49.00,3.06,1.88,0.01
6.19,49.00,3.55,1.73,0.01
6.19,49.00,3.24,1.91,0.01
6.20,49.00,3.19,1.91,0.01
6.20,49.00,3.18,1.81,0.01
6.20,49.00,3.36,1.83,0.01
6.20,49.00,3.32,1.85,0.01
6.20,49.00,3.16,1.82,0.01
6.22,49.00,3.11,1.79,0.01
6.22,49.00,3.18,1.88,0.01
6.23,49.00,3.38,1.81,0.01
6.24,49.00,3.35,1.81,0.01
6.25,49.00,3.09,1.84,0.01
6.25,49.00,3.39,1.79,0.01
6.25,49.00,3.13,1.82,0.01
6.27,49.00,3.17,1.86,0.01
6.27,49.00,3.01,1.93,0.01
6.27,49.00,3.23,1.83,0.01
6.28,49.00,3.22,1.83,0.01
6.28,49.00,3.04,1.80,0.01
6.28,49.00,3.04,1.84,0.01
6.28,49.00,2.99,1.90,0.01
6.30,49.00,3.09,1.93,0.01
6.30,49.00,3.57,1.87,0.01
6.30,49.00,3.23,1.83,0.01
6.31,49.00,3.37,1.83,0.01
6.31,49.00,3.09,1.88,0.01
6.31,49.00,3.08,1.87,0.01
6.34,49.00,3.33,1.87,0.01
6.38,49.00,3.01,1.83,0.01
6.39,49.00,3.35,1.87,0.01
6.39,49.00,3.08,1.93,0.01
6.41,49.00,3.20,1.86,0.01
6.41,49.00,3.11,1.85,0.01
6.41,49.00,3.16,1.88,0.01
6.41,49.00,3.21,1.87,0.01
6.44,49.00,3.25,1.90,0.01
6.47,49.00,3.15,1.88,0.01
6.53,49.00,3.44,1.87,0.01
6.55,49.00,3.08,1.88,0.01
6.58,49.00,3.05,1.91,0.01
6.58,49.00,3.06,1.95,0.01
11.95,21.00,1.22,2.46,0.00
12.17,21.00,1.54,2.73,0.00
12.61,21.00,4.89,2.28,0.00
12.81,32.00,0.00,1.52,0.00
12.81,32.00,4.58,3.80,0.00
13.05,32.00,4.63,3.40,0.01
13.14,26.00,5.49,3.47,0.00
14.08,49.00,3.64,3.49,0.00
14.28,49.00,3.69,3.82,0.00
14.31,21.00,5.00,4.02,0.00
14.58,32.00,4.46,4.09,0.00
14.73,32.00,5.40,4.17,0.01
14.80,21.00,5.12,4.00,0.00
14.80,21.00,4.35,3.81,0.00
14.86,21.00,4.27,3.79,0.01
15.02,21.00,4.53,3.71,0.00
15.02,21.00,3.91,4.24,0.01
15.03,49.00,3.96,4.01,0.01
15.05,21.00,4.16,4.24,0.01
15.11,32.00,5.65,4.19,0.00
15.17,21.00,4.16,3.83,0.00
15.95,32.00,5.21,4.28,0.00
16.06,21.00,4.70,4.53,0.00
16.08,21.00,4.17,4.70,0.00
16.19,21.00,4.81,4.74,0.00
16.36,21.00,4.76,4.71,0.00
16.41,21.00,4.22,4.68,0.00
16.52,21.00,4.25,4.63,0.00
16.52,26.00,4.32,4.65,0.01
16.53,26.00,4.30,4.75,0.01
16.55,49.00,3.20,4.76,0.01
16.65,26.00,4.07,4.77,0.01
16.66,21.00,4.70,4.62,0.00
16.75,26.00,4.11,4.33,0.01
16.97,26.00,4.32,4.96,0.01
17.02,32.00,4.76,4.70,0.01
17.04,49.00,4.10,4.99,0.01
17.22,26.00,4.69,4.25,0.01
17.31,26.00,4.08,4.92,0.01
17.38,32.00,5.08,4.69,0.01
17.52,32.00,4.95,4.79,0.01
17.72,32.00,5.58,4.79,0.01
17.89,21.00,2.65,4.30,0.00
18.05,21.00,4.15,5.01,0.00
18.13,26.00,2.61,3.65,0.01
18.22,21.00,4.46,5.21,0.00
18.45,21.00,5.06,4.52,0.01
19.17,21.00,3.61,5.22,0.00
19.94,32.00,3.97,5.42,0.01
20.06,49.00,3.72,5.38,0.00
20.30,32.00,4.28,5.00,0.01
